[07Jul2025 02:40:54.495] [main/INFO] [cpw.mods.modlauncher.Launcher/MODLAUNCHER]: ModLauncher running: args [--launchTarget, forge_server, nogui]
[07Jul2025 02:40:54.501] [main/INFO] [cpw.mods.modlauncher.Launcher/MODLAUNCHER]: JVM identified as Ubuntu OpenJDK 64-Bit Server VM 21.0.7+6-Ubuntu-0ubuntu120.04
[07Jul2025 02:40:54.504] [main/INFO] [cpw.mods.modlauncher.Launcher/MODLAUNCHER]: ModLauncher 10.1.2 starting: java version 21.0.7 by Ubuntu; OS Linux arch amd64 version 6.8.0-1027-azure
[07Jul2025 02:40:54.532] [main/DEBUG] [cpw.mods.modlauncher.LaunchServiceHandler/MODLAUNCHER]: Found launch services [forge_userdev_client,forge_dev_data,minecraft,forge_userdev_server_gametest,forge_dev_client,forge_userdev_data,forge_dev_server_gametest,testharness,forge_userdev_server,forge_client,forge_dev_server,forge_server]
[07Jul2025 02:40:54.542] [main/DEBUG] [cpw.mods.modlauncher.NameMappingServiceHandler/MODLAUNCHER]: Found naming services : [srgtomcp]
[07Jul2025 02:40:54.563] [main/DEBUG] [cpw.mods.modlauncher.LaunchPluginHandler/MODLAUNCHER]: Found launch plugins: [mixin,eventbus,slf4jfixer,object_holder_definalize,runtime_enum_extender,capability_token_subclass,accesstransformer,runtimedistcleaner]
[07Jul2025 02:40:54.572] [main/DEBUG] [cpw.mods.modlauncher.TransformationServicesHandler/MODLAUNCHER]: Discovering transformation services
[07Jul2025 02:40:54.574] [main/DEBUG] [net.minecraftforge.fml.loading.FMLPaths/CORE]: Path GAMEDIR is /workspaces/literate-octo-sniffle/servidor_minecraft
[07Jul2025 02:40:54.574] [main/DEBUG] [net.minecraftforge.fml.loading.FMLPaths/CORE]: Path MODSDIR is /workspaces/literate-octo-sniffle/servidor_minecraft/mods
[07Jul2025 02:40:54.575] [main/DEBUG] [net.minecraftforge.fml.loading.FMLPaths/CORE]: Path CONFIGDIR is /workspaces/literate-octo-sniffle/servidor_minecraft/config
[07Jul2025 02:40:54.575] [main/DEBUG] [net.minecraftforge.fml.loading.FMLPaths/CORE]: Path FMLCONFIG is /workspaces/literate-octo-sniffle/servidor_minecraft/config/fml.toml
[07Jul2025 02:40:54.948] [main/INFO] [net.minecraftforge.fml.loading.ImmediateWindowHandler/]: ImmediateWindowProvider not loading because launch target is forge_server
[07Jul2025 02:40:55.057] [main/DEBUG] [cpw.mods.modlauncher.TransformationServicesHandler/MODLAUNCHER]: Found transformer service: fml: /
[07Jul2025 02:40:55.059] [main/DEBUG] [cpw.mods.modlauncher.TransformationServicesHandler/MODLAUNCHER]: Found transformer service: mixin: /
[07Jul2025 02:40:55.061] [main/DEBUG] [cpw.mods.modlauncher.TransformationServicesHandler/MODLAUNCHER]: Transformation services loading
[07Jul2025 02:40:55.062] [main/DEBUG] [cpw.mods.modlauncher.TransformationServiceDecorator/MODLAUNCHER]: Loading service mixin
[07Jul2025 02:40:55.062] [main/DEBUG] [cpw.mods.modlauncher.TransformationServiceDecorator/MODLAUNCHER]: Loaded service mixin
[07Jul2025 02:40:55.063] [main/DEBUG] [cpw.mods.modlauncher.TransformationServiceDecorator/MODLAUNCHER]: Loading service fml
[07Jul2025 02:40:55.086] [main/DEBUG] [net.minecraftforge.fml.loading.FMLLoader/CORE]: Detected version data : VersionInfo[forgeVersion=49.1.4, mcVersion=1.20.4, mcpVersion=20231207.112700, forgeGroup=net.minecraftforge]
[07Jul2025 02:40:55.093] [main/DEBUG] [net.minecraftforge.fml.loading.LauncherVersion/CORE]: Found FMLLauncher version 49.1.4
[07Jul2025 02:40:55.093] [main/DEBUG] [net.minecraftforge.fml.loading.FMLLoader/CORE]: FML 49.1.4 loading
[07Jul2025 02:40:55.093] [main/DEBUG] [net.minecraftforge.fml.loading.FMLLoader/CORE]: Found ModLauncher version: 10.1.2
[07Jul2025 02:40:55.094] [main/DEBUG] [net.minecraftforge.fml.loading.FMLLoader/CORE]: Found AccessTransformer version: 8.1.1
[07Jul2025 02:40:55.094] [main/DEBUG] [net.minecraftforge.fml.loading.FMLLoader/CORE]: Found EventBus version: 6.2.0
[07Jul2025 02:40:55.094] [main/DEBUG] [net.minecraftforge.fml.loading.FMLLoader/CORE]: Found RuntimeDistCleaner version: 49.1.4
[07Jul2025 02:40:55.097] [main/DEBUG] [net.minecraftforge.fml.loading.FMLLoader/CORE]: FML found CoreMod version : 5.1.0
[07Jul2025 02:40:55.097] [main/DEBUG] [net.minecraftforge.fml.loading.FMLLoader/CORE]: Found ForgeSPI version: 7.1.3
[07Jul2025 02:40:55.098] [main/DEBUG] [cpw.mods.modlauncher.TransformationServiceDecorator/MODLAUNCHER]: Loaded service fml
[07Jul2025 02:40:55.099] [main/DEBUG] [cpw.mods.modlauncher.TransformationServicesHandler/MODLAUNCHER]: Configuring option handling for services
[07Jul2025 02:40:55.108] [main/DEBUG] [cpw.mods.modlauncher.TransformationServicesHandler/MODLAUNCHER]: Transformation services initializing
[07Jul2025 02:40:55.111] [main/DEBUG] [cpw.mods.modlauncher.TransformationServiceDecorator/MODLAUNCHER]: Initializing transformation service mixin
[07Jul2025 02:40:55.236] [main/DEBUG] [mixin/]: MixinService [ModLauncher] was successfully booted in SecureModuleClassLoader[SECURE-BOOTSTRAP]@1885996206
[07Jul2025 02:40:55.367] [main/INFO] [mixin/]: SpongePowered MIXIN Subsystem Version=0.8.5 Source=jar:file:///workspaces/literate-octo-sniffle/servidor_minecraft/libraries/org/spongepowered/mixin/0.8.5/mixin-0.8.5.jar!/ Service=ModLauncher Env=SERVER
[07Jul2025 02:40:55.370] [main/DEBUG] [mixin/]: Initialising Mixin Platform Manager
[07Jul2025 02:40:55.371] [main/DEBUG] [mixin/]: Adding mixin platform agents for container ModLauncher Root Container(ModLauncher:4f56a0a2)
[07Jul2025 02:40:55.373] [main/DEBUG] [mixin/]: Instancing new MixinPlatformAgentMinecraftForge for ModLauncher Root Container(ModLauncher:4f56a0a2)
[07Jul2025 02:40:55.373] [main/DEBUG] [mixin/]: MixinPlatformAgentMinecraftForge rejected container ModLauncher Root Container(ModLauncher:4f56a0a2)
[07Jul2025 02:40:55.374] [main/DEBUG] [mixin/]: Instancing new MixinPlatformAgentDefault for ModLauncher Root Container(ModLauncher:4f56a0a2)
[07Jul2025 02:40:55.374] [main/DEBUG] [mixin/]: MixinPlatformAgentDefault accepted container ModLauncher Root Container(ModLauncher:4f56a0a2)
[07Jul2025 02:40:55.376] [main/DEBUG] [cpw.mods.modlauncher.TransformationServiceDecorator/MODLAUNCHER]: Initialized transformation service mixin
[07Jul2025 02:40:55.377] [main/DEBUG] [cpw.mods.modlauncher.TransformationServiceDecorator/MODLAUNCHER]: Initializing transformation service fml
[07Jul2025 02:40:55.377] [main/DEBUG] [net.minecraftforge.fml.loading.FMLServiceProvider/CORE]: Setting up basic FML game directories
[07Jul2025 02:40:55.380] [main/DEBUG] [net.minecraftforge.fml.loading.FMLPaths/CORE]: Path GAMEDIR is /workspaces/literate-octo-sniffle/servidor_minecraft
[07Jul2025 02:40:55.380] [main/DEBUG] [net.minecraftforge.fml.loading.FMLPaths/CORE]: Path MODSDIR is /workspaces/literate-octo-sniffle/servidor_minecraft/mods
[07Jul2025 02:40:55.383] [main/DEBUG] [net.minecraftforge.fml.loading.FMLPaths/CORE]: Path CONFIGDIR is /workspaces/literate-octo-sniffle/servidor_minecraft/config
[07Jul2025 02:40:55.383] [main/DEBUG] [net.minecraftforge.fml.loading.FMLPaths/CORE]: Path FMLCONFIG is /workspaces/literate-octo-sniffle/servidor_minecraft/config/fml.toml
[07Jul2025 02:40:55.383] [main/DEBUG] [net.minecraftforge.fml.loading.FMLServiceProvider/CORE]: Loading configuration
[07Jul2025 02:40:55.387] [main/DEBUG] [net.minecraftforge.fml.loading.FMLServiceProvider/CORE]: Preparing ModFile
[07Jul2025 02:40:55.393] [main/DEBUG] [net.minecraftforge.fml.loading.FMLServiceProvider/CORE]: Preparing launch handler
[07Jul2025 02:40:55.395] [main/DEBUG] [net.minecraftforge.fml.loading.FMLLoader/CORE]: Using forge_server as launch service
[07Jul2025 02:40:55.407] [main/DEBUG] [cpw.mods.modlauncher.TransformationServiceDecorator/MODLAUNCHER]: Initialized transformation service fml
[07Jul2025 02:40:55.408] [main/DEBUG] [cpw.mods.modlauncher.NameMappingServiceHandler/MODLAUNCHER]: Current naming domain is 'srg'
[07Jul2025 02:40:55.408] [main/DEBUG] [cpw.mods.modlauncher.NameMappingServiceHandler/MODLAUNCHER]: Identified name mapping providers {}
[07Jul2025 02:40:55.408] [main/DEBUG] [cpw.mods.modlauncher.TransformationServicesHandler/MODLAUNCHER]: Transformation services begin scanning
[07Jul2025 02:40:55.409] [main/DEBUG] [cpw.mods.modlauncher.TransformationServiceDecorator/MODLAUNCHER]: Beginning scan trigger - transformation service mixin
[07Jul2025 02:40:55.409] [main/DEBUG] [cpw.mods.modlauncher.TransformationServiceDecorator/MODLAUNCHER]: End scan trigger - transformation service mixin
[07Jul2025 02:40:55.409] [main/DEBUG] [cpw.mods.modlauncher.TransformationServiceDecorator/MODLAUNCHER]: Beginning scan trigger - transformation service fml
[07Jul2025 02:40:55.410] [main/DEBUG] [net.minecraftforge.fml.loading.FMLServiceProvider/CORE]: Initiating mod scan
[07Jul2025 02:40:55.420] [main/DEBUG] [net.minecraftforge.fml.loading.moddiscovery.ModDiscoverer/CORE]: Found Mod Locators : (mods folder:null),(minecraft:null),(classpath:null),(forge_dev_locator:null),(forge_userdev_locator:null)
[07Jul2025 02:40:55.421] [main/DEBUG] [net.minecraftforge.fml.loading.moddiscovery.ModDiscoverer/CORE]: Found Dependency Locators : (JarInJar:null)
[07Jul2025 02:40:55.611] [main/DEBUG] [net.minecraftforge.fml.loading.moddiscovery.ModFileInfo/LOADING]: Found valid mod file forge-1.20.4-49.1.4-server.jar with {minecraft} mods - versions {1.20.4}
[07Jul2025 02:40:55.730] [main/DEBUG] [net.minecraftforge.fml.loading.moddiscovery.ModFileParser/LOADING]: Considering mod file candidate /workspaces/literate-octo-sniffle/servidor_minecraft/libraries/net/minecraftforge/forge/1.20.4-49.1.4/forge-1.20.4-49.1.4-universal.jar
[07Jul2025 02:40:55.744] [main/DEBUG] [net.minecraftforge.fml.loading.moddiscovery.ModFileInfo/LOADING]: Found valid mod file forge-1.20.4-49.1.4-universal.jar with {forge} mods - versions {49.1.4}
[07Jul2025 02:40:55.775] [main/DEBUG] [net.minecraftforge.fml.loading.moddiscovery.JarInJarDependencyLocator/]: Failed to load resource META-INF/jarjar/metadata.json from forge-1.20.4-49.1.4-server.jar, it does not contain dependency information.
[07Jul2025 02:40:55.777] [main/DEBUG] [net.minecraftforge.fml.loading.moddiscovery.JarInJarDependencyLocator/]: Failed to load resource META-INF/jarjar/metadata.json from forge-1.20.4-49.1.4-universal.jar, it does not contain dependency information.
[07Jul2025 02:40:55.777] [main/DEBUG] [net.minecraftforge.fml.loading.moddiscovery.JarInJarDependencyLocator/]: Failed to load resource META-INF/jarjar/metadata.json from javafmllanguage-1.20.4-49.1.4.jar, it does not contain dependency information.
[07Jul2025 02:40:55.777] [main/DEBUG] [net.minecraftforge.fml.loading.moddiscovery.JarInJarDependencyLocator/]: Failed to load resource META-INF/jarjar/metadata.json from lowcodelanguage-1.20.4-49.1.4.jar, it does not contain dependency information.
[07Jul2025 02:40:55.777] [main/DEBUG] [net.minecraftforge.fml.loading.moddiscovery.JarInJarDependencyLocator/]: Failed to load resource META-INF/jarjar/metadata.json from mclanguage-1.20.4-49.1.4.jar, it does not contain dependency information.
[07Jul2025 02:40:55.777] [main/DEBUG] [net.minecraftforge.fml.loading.moddiscovery.JarInJarDependencyLocator/]: Failed to load resource META-INF/jarjar/metadata.json from fmlcore-1.20.4-49.1.4.jar, it does not contain dependency information.
[07Jul2025 02:40:55.833] [main/INFO] [net.minecraftforge.fml.loading.moddiscovery.JarInJarDependencyLocator/]: No dependencies to load found. Skipping!
[07Jul2025 02:40:55.843] [main/DEBUG] [net.minecraftforge.fml.loading.moddiscovery.ModFileInfo/LOADING]: Found valid mod file forge-1.20.4-49.1.4-server.jar with {minecraft} mods - versions {1.20.4}
[07Jul2025 02:40:55.860] [main/DEBUG] [net.minecraftforge.fml.loading.moddiscovery.ModFile/LOADING]: Loading mod file /workspaces/literate-octo-sniffle/servidor_minecraft/libraries/net/minecraftforge/forge/1.20.4-49.1.4/forge-1.20.4-49.1.4-server.jar with languages [LanguageSpec[languageName=minecraft, acceptedVersions=1]]
[07Jul2025 02:40:55.861] [main/DEBUG] [net.minecraftforge.fml.loading.moddiscovery.ModFileParser/LOADING]: Considering mod file candidate /workspaces/literate-octo-sniffle/servidor_minecraft/libraries/net/minecraftforge/forge/1.20.4-49.1.4/forge-1.20.4-49.1.4-universal.jar
[07Jul2025 02:40:55.865] [main/DEBUG] [net.minecraftforge.fml.loading.moddiscovery.ModFileInfo/LOADING]: Found valid mod file forge-1.20.4-49.1.4-universal.jar with {forge} mods - versions {49.1.4}
[07Jul2025 02:40:55.865] [main/DEBUG] [net.minecraftforge.fml.loading.moddiscovery.ModFile/LOADING]: Loading mod file /workspaces/literate-octo-sniffle/servidor_minecraft/libraries/net/minecraftforge/forge/1.20.4-49.1.4/forge-1.20.4-49.1.4-universal.jar with languages [LanguageSpec[languageName=javafml, acceptedVersions=[24,]]]
[07Jul2025 02:40:55.870] [main/DEBUG] [net.minecraftforge.fml.loading.moddiscovery.ModFileParser/LOADING]: Found coremod field_to_method with Javascript path coremods/field_to_method.js
[07Jul2025 02:40:55.873] [main/DEBUG] [net.minecraftforge.fml.loading.moddiscovery.ModFileParser/LOADING]: Found coremod field_to_instanceof with Javascript path coremods/field_to_instanceof.js
[07Jul2025 02:40:55.873] [main/DEBUG] [net.minecraftforge.fml.loading.moddiscovery.ModFileParser/LOADING]: Found coremod add_bouncer_method with Javascript path coremods/add_bouncer_method.js
[07Jul2025 02:40:55.873] [main/DEBUG] [net.minecraftforge.fml.loading.moddiscovery.ModFileParser/LOADING]: Found coremod method_redirector with Javascript path coremods/method_redirector.js
[07Jul2025 02:40:55.873] [main/DEBUG] [net.minecraftforge.fml.loading.moddiscovery.ModFile/LOADING]: Found coremod /coremods/field_to_method.js
[07Jul2025 02:40:55.874] [main/DEBUG] [net.minecraftforge.fml.loading.moddiscovery.ModFile/LOADING]: Found coremod /coremods/field_to_instanceof.js
[07Jul2025 02:40:55.874] [main/DEBUG] [net.minecraftforge.fml.loading.moddiscovery.ModFile/LOADING]: Found coremod /coremods/add_bouncer_method.js
[07Jul2025 02:40:55.874] [main/DEBUG] [net.minecraftforge.fml.loading.moddiscovery.ModFile/LOADING]: Found coremod /coremods/method_redirector.js
[07Jul2025 02:40:55.874] [main/DEBUG] [cpw.mods.modlauncher.TransformationServiceDecorator/MODLAUNCHER]: End scan trigger - transformation service fml
[07Jul2025 02:40:55.898] [main/DEBUG] [net.minecraftforge.fml.loading.LanguageLoadingProvider/CORE]: Found 3 language providers
[07Jul2025 02:40:55.899] [main/DEBUG] [net.minecraftforge.fml.loading.LanguageLoadingProvider/CORE]: Found language provider lowcodefml, version 49
[07Jul2025 02:40:55.900] [main/DEBUG] [net.minecraftforge.fml.loading.LanguageLoadingProvider/CORE]: Found language provider minecraft, version 1.0
[07Jul2025 02:40:55.900] [main/DEBUG] [net.minecraftforge.fml.loading.LanguageLoadingProvider/CORE]: Found language provider javafml, version 49.1.4
[07Jul2025 02:40:55.906] [main/DEBUG] [net.minecraftforge.fml.loading.ModSorter/]: Configured system mods: [minecraft, forge]
[07Jul2025 02:40:55.907] [main/DEBUG] [net.minecraftforge.fml.loading.ModSorter/]: Found system mod: minecraft
[07Jul2025 02:40:55.907] [main/DEBUG] [net.minecraftforge.fml.loading.ModSorter/]: Found system mod: forge
[07Jul2025 02:40:55.914] [main/DEBUG] [net.minecraftforge.fml.loading.ModSorter/LOADING]: Found 0 mod requirements (0 mandatory, 0 optional)
[07Jul2025 02:40:55.915] [main/DEBUG] [net.minecraftforge.fml.loading.ModSorter/LOADING]: Found 0 mod requirements missing (0 mandatory, 0 optional)
[07Jul2025 02:40:57.490] [main/DEBUG] [cpw.mods.modlauncher.TransformationServicesHandler/MODLAUNCHER]: Transformation services loading transformers
[07Jul2025 02:40:57.493] [main/DEBUG] [cpw.mods.modlauncher.TransformationServiceDecorator/MODLAUNCHER]: Initializing transformers for transformation service mixin
[07Jul2025 02:40:57.494] [main/DEBUG] [cpw.mods.modlauncher.TransformationServiceDecorator/MODLAUNCHER]: Initialized transformers for transformation service mixin
[07Jul2025 02:40:57.494] [main/DEBUG] [cpw.mods.modlauncher.TransformationServiceDecorator/MODLAUNCHER]: Initializing transformers for transformation service fml
[07Jul2025 02:40:57.494] [main/DEBUG] [net.minecraftforge.fml.loading.FMLServiceProvider/CORE]: Loading coremod transformers
[07Jul2025 02:40:57.494] [main/DEBUG] [net.minecraftforge.coremod.CoreModEngine/COREMOD]: Loading CoreMod from /coremods/field_to_method.js
[07Jul2025 02:40:58.035] [main/DEBUG] [net.minecraftforge.coremod.CoreModEngine/COREMOD]: CoreMod loaded successfully
[07Jul2025 02:40:58.037] [main/DEBUG] [net.minecraftforge.coremod.CoreModEngine/COREMOD]: Loading CoreMod from /coremods/field_to_instanceof.js
[07Jul2025 02:40:58.203] [main/DEBUG] [net.minecraftforge.coremod.CoreModEngine/COREMOD]: CoreMod loaded successfully
[07Jul2025 02:40:58.207] [main/DEBUG] [net.minecraftforge.coremod.CoreModEngine/COREMOD]: Loading CoreMod from /coremods/add_bouncer_method.js
[07Jul2025 02:40:58.309] [main/DEBUG] [net.minecraftforge.coremod.CoreModEngine/COREMOD]: CoreMod loaded successfully
[07Jul2025 02:40:58.309] [main/DEBUG] [net.minecraftforge.coremod.CoreModEngine/COREMOD]: Loading CoreMod from /coremods/method_redirector.js
[07Jul2025 02:40:58.571] [main/DEBUG] [net.minecraftforge.coremod.CoreModEngine/COREMOD]: CoreMod loaded successfully
[07Jul2025 02:40:58.596] [main/DEBUG] [cpw.mods.modlauncher.TransformStore/MODLAUNCHER]: Adding transformer net.minecraftforge.coremod.transformer.CoreModClassTransformer@4548d254 to Target : CLASS {Lnet/minecraft/world/level/biome/Biome;} {} {V}
[07Jul2025 02:40:58.597] [main/DEBUG] [cpw.mods.modlauncher.TransformStore/MODLAUNCHER]: Adding transformer net.minecraftforge.coremod.transformer.CoreModClassTransformer@40d23c82 to Target : CLASS {Lnet/minecraft/world/level/levelgen/structure/Structure;} {} {V}
[07Jul2025 02:40:58.599] [main/DEBUG] [cpw.mods.modlauncher.TransformStore/MODLAUNCHER]: Adding transformer net.minecraftforge.coremod.transformer.CoreModClassTransformer@7cf78c85 to Target : CLASS {Lnet/minecraft/world/effect/MobEffectInstance;} {} {V}
[07Jul2025 02:40:58.599] [main/DEBUG] [cpw.mods.modlauncher.TransformStore/MODLAUNCHER]: Adding transformer net.minecraftforge.coremod.transformer.CoreModClassTransformer@ebe067d to Target : CLASS {Lnet/minecraft/world/level/block/LiquidBlock;} {} {V}
[07Jul2025 02:40:58.600] [main/DEBUG] [cpw.mods.modlauncher.TransformStore/MODLAUNCHER]: Adding transformer net.minecraftforge.coremod.transformer.CoreModClassTransformer@3a4ab7f7 to Target : CLASS {Lnet/minecraft/world/item/BucketItem;} {} {V}
[07Jul2025 02:40:58.601] [main/DEBUG] [cpw.mods.modlauncher.TransformStore/MODLAUNCHER]: Adding transformer net.minecraftforge.coremod.transformer.CoreModClassTransformer@6badba10 to Target : CLASS {Lnet/minecraft/world/level/block/FlowerPotBlock;} {} {V}
[07Jul2025 02:40:58.603] [main/DEBUG] [cpw.mods.modlauncher.TransformStore/MODLAUNCHER]: Adding transformer net.minecraftforge.coremod.transformer.CoreModClassTransformer@2b7e8044 to Target : CLASS {Lnet/minecraft/world/item/ItemStack;} {} {V}
[07Jul2025 02:40:58.603] [main/DEBUG] [cpw.mods.modlauncher.TransformStore/MODLAUNCHER]: Adding transformer net.minecraftforge.coremod.transformer.CoreModClassTransformer@550de6b8 to Target : CLASS {Lnet/minecraft/world/level/Explosion;} {} {V}
[07Jul2025 02:40:58.603] [main/DEBUG] [cpw.mods.modlauncher.TransformStore/MODLAUNCHER]: Adding transformer net.minecraftforge.coremod.transformer.CoreModClassTransformer@3a1706e1 to Target : CLASS {Lnet/minecraft/world/level/Explosion;} {} {V}
[07Jul2025 02:40:58.603] [main/DEBUG] [cpw.mods.modlauncher.TransformStore/MODLAUNCHER]: Adding transformer net.minecraftforge.coremod.transformer.CoreModClassTransformer@3c6c4689 to Target : CLASS {Lnet/minecraft/world/level/levelgen/PatrolSpawner;} {} {V}
[07Jul2025 02:40:58.603] [main/DEBUG] [cpw.mods.modlauncher.TransformStore/MODLAUNCHER]: Adding transformer net.minecraftforge.coremod.transformer.CoreModClassTransformer@3c6c4689 to Target : CLASS {Lnet/minecraft/server/commands/RaidCommand;} {} {V}
[07Jul2025 02:40:58.604] [main/DEBUG] [cpw.mods.modlauncher.TransformStore/MODLAUNCHER]: Adding transformer net.minecraftforge.coremod.transformer.CoreModClassTransformer@3c6c4689 to Target : CLASS {Lnet/minecraft/server/commands/SummonCommand;} {} {V}
[07Jul2025 02:40:58.605] [main/DEBUG] [cpw.mods.modlauncher.TransformStore/MODLAUNCHER]: Adding transformer net.minecraftforge.coremod.transformer.CoreModClassTransformer@3c6c4689 to Target : CLASS {Lnet/minecraft/world/entity/monster/Evoker$EvokerSummonSpellGoal;} {} {V}
[07Jul2025 02:40:58.605] [main/DEBUG] [cpw.mods.modlauncher.TransformStore/MODLAUNCHER]: Adding transformer net.minecraftforge.coremod.transformer.CoreModClassTransformer@3c6c4689 to Target : CLASS {Lnet/minecraft/world/level/levelgen/structure/structures/OceanRuinPieces$OceanRuinPiece;} {} {V}
[07Jul2025 02:40:58.606] [main/DEBUG] [cpw.mods.modlauncher.TransformStore/MODLAUNCHER]: Adding transformer net.minecraftforge.coremod.transformer.CoreModClassTransformer@3c6c4689 to Target : CLASS {Lnet/minecraft/world/level/levelgen/structure/structures/SwampHutPiece;} {} {V}
[07Jul2025 02:40:58.606] [main/DEBUG] [cpw.mods.modlauncher.TransformStore/MODLAUNCHER]: Adding transformer net.minecraftforge.coremod.transformer.CoreModClassTransformer@3c6c4689 to Target : CLASS {Lnet/minecraft/world/level/levelgen/structure/structures/WoodlandMansionPieces$WoodlandMansionPiece;} {} {V}
[07Jul2025 02:40:58.606] [main/DEBUG] [cpw.mods.modlauncher.TransformStore/MODLAUNCHER]: Adding transformer net.minecraftforge.coremod.transformer.CoreModClassTransformer@3c6c4689 to Target : CLASS {Lnet/minecraft/world/entity/animal/horse/SkeletonTrapGoal;} {} {V}
[07Jul2025 02:40:58.606] [main/DEBUG] [cpw.mods.modlauncher.TransformStore/MODLAUNCHER]: Adding transformer net.minecraftforge.coremod.transformer.CoreModClassTransformer@3c6c4689 to Target : CLASS {Lnet/minecraft/world/level/levelgen/structure/structures/OceanMonumentPieces$OceanMonumentPiece;} {} {V}
[07Jul2025 02:40:58.606] [main/DEBUG] [cpw.mods.modlauncher.TransformStore/MODLAUNCHER]: Adding transformer net.minecraftforge.coremod.transformer.CoreModClassTransformer@3c6c4689 to Target : CLASS {Lnet/minecraft/world/entity/animal/frog/Tadpole;} {} {V}
[07Jul2025 02:40:58.606] [main/DEBUG] [cpw.mods.modlauncher.TransformStore/MODLAUNCHER]: Adding transformer net.minecraftforge.coremod.transformer.CoreModClassTransformer@3c6c4689 to Target : CLASS {Lnet/minecraft/world/entity/monster/Strider;} {} {V}
[07Jul2025 02:40:58.610] [main/DEBUG] [cpw.mods.modlauncher.TransformStore/MODLAUNCHER]: Adding transformer net.minecraftforge.coremod.transformer.CoreModClassTransformer@3c6c4689 to Target : CLASS {Lnet/minecraft/world/entity/raid/Raid;} {} {V}
[07Jul2025 02:40:58.611] [main/DEBUG] [cpw.mods.modlauncher.TransformStore/MODLAUNCHER]: Adding transformer net.minecraftforge.coremod.transformer.CoreModClassTransformer@3c6c4689 to Target : CLASS {Lnet/minecraft/world/entity/npc/Villager;} {} {V}
[07Jul2025 02:40:58.611] [main/DEBUG] [cpw.mods.modlauncher.TransformStore/MODLAUNCHER]: Adding transformer net.minecraftforge.coremod.transformer.CoreModClassTransformer@3c6c4689 to Target : CLASS {Lnet/minecraft/world/level/levelgen/structure/templatesystem/StructureTemplate;} {} {V}
[07Jul2025 02:40:58.612] [main/DEBUG] [cpw.mods.modlauncher.TransformStore/MODLAUNCHER]: Adding transformer net.minecraftforge.coremod.transformer.CoreModClassTransformer@3c6c4689 to Target : CLASS {Lnet/minecraft/world/entity/npc/CatSpawner;} {} {V}
[07Jul2025 02:40:58.612] [main/DEBUG] [cpw.mods.modlauncher.TransformStore/MODLAUNCHER]: Adding transformer net.minecraftforge.coremod.transformer.CoreModClassTransformer@3c6c4689 to Target : CLASS {Lnet/minecraft/world/entity/monster/ZombieVillager;} {} {V}
[07Jul2025 02:40:58.612] [main/DEBUG] [cpw.mods.modlauncher.TransformStore/MODLAUNCHER]: Adding transformer net.minecraftforge.coremod.transformer.CoreModClassTransformer@3c6c4689 to Target : CLASS {Lnet/minecraft/world/level/NaturalSpawner;} {} {V}
[07Jul2025 02:40:58.612] [main/DEBUG] [cpw.mods.modlauncher.TransformStore/MODLAUNCHER]: Adding transformer net.minecraftforge.coremod.transformer.CoreModClassTransformer@3c6c4689 to Target : CLASS {Lnet/minecraft/world/level/levelgen/PhantomSpawner;} {} {V}
[07Jul2025 02:40:58.612] [main/DEBUG] [cpw.mods.modlauncher.TransformStore/MODLAUNCHER]: Adding transformer net.minecraftforge.coremod.transformer.CoreModClassTransformer@3c6c4689 to Target : CLASS {Lnet/minecraft/world/entity/monster/Spider;} {} {V}
[07Jul2025 02:40:58.612] [main/DEBUG] [cpw.mods.modlauncher.TransformStore/MODLAUNCHER]: Adding transformer net.minecraftforge.coremod.transformer.CoreModClassTransformer@3c6c4689 to Target : CLASS {Lnet/minecraft/world/entity/EntityType;} {} {V}
[07Jul2025 02:40:58.613] [main/DEBUG] [cpw.mods.modlauncher.TransformStore/MODLAUNCHER]: Adding transformer net.minecraftforge.coremod.transformer.CoreModClassTransformer@3c6c4689 to Target : CLASS {Lnet/minecraft/world/entity/monster/Zombie;} {} {V}
[07Jul2025 02:40:58.613] [main/DEBUG] [cpw.mods.modlauncher.TransformStore/MODLAUNCHER]: Adding transformer net.minecraftforge.coremod.transformer.CoreModClassTransformer@3c6c4689 to Target : CLASS {Lnet/minecraft/world/entity/ai/village/VillageSiege;} {} {V}
[07Jul2025 02:40:58.613] [main/DEBUG] [cpw.mods.modlauncher.TransformationServiceDecorator/MODLAUNCHER]: Initialized transformers for transformation service fml
[07Jul2025 02:40:58.660] [main/DEBUG] [mixin/]: Processing prepare() for PlatformAgent[MixinPlatformAgentDefault:ModLauncher Root Container(ModLauncher:4f56a0a2)]
[07Jul2025 02:40:58.661] [main/DEBUG] [mixin/]: Processing launch tasks for PlatformAgent[MixinPlatformAgentDefault:ModLauncher Root Container(ModLauncher:4f56a0a2)]
[07Jul2025 02:40:58.662] [main/DEBUG] [mixin/]: Adding mixin platform agents for container SecureJarResource(minecraft)
[07Jul2025 02:40:58.662] [main/DEBUG] [mixin/]: Instancing new MixinPlatformAgentMinecraftForge for SecureJarResource(minecraft)
[07Jul2025 02:40:58.662] [main/DEBUG] [mixin/]: MixinPlatformAgentMinecraftForge rejected container SecureJarResource(minecraft)
[07Jul2025 02:40:58.663] [main/DEBUG] [mixin/]: Instancing new MixinPlatformAgentDefault for SecureJarResource(minecraft)
[07Jul2025 02:40:58.663] [main/DEBUG] [mixin/]: MixinPlatformAgentDefault accepted container SecureJarResource(minecraft)
[07Jul2025 02:40:58.663] [main/DEBUG] [mixin/]: Processing prepare() for PlatformAgent[MixinPlatformAgentDefault:SecureJarResource(minecraft)]
[07Jul2025 02:40:58.663] [main/DEBUG] [mixin/]: Adding mixin platform agents for container SecureJarResource(forge)
[07Jul2025 02:40:58.663] [main/DEBUG] [mixin/]: Instancing new MixinPlatformAgentMinecraftForge for SecureJarResource(forge)
[07Jul2025 02:40:58.663] [main/DEBUG] [mixin/]: MixinPlatformAgentMinecraftForge rejected container SecureJarResource(forge)
[07Jul2025 02:40:58.663] [main/DEBUG] [mixin/]: Instancing new MixinPlatformAgentDefault for SecureJarResource(forge)
[07Jul2025 02:40:58.663] [main/DEBUG] [mixin/]: MixinPlatformAgentDefault accepted container SecureJarResource(forge)
[07Jul2025 02:40:58.667] [main/DEBUG] [mixin/]: Processing prepare() for PlatformAgent[MixinPlatformAgentDefault:SecureJarResource(forge)]
[07Jul2025 02:40:58.668] [main/DEBUG] [mixin/]: inject() running with 3 agents
[07Jul2025 02:40:58.669] [main/DEBUG] [mixin/]: Processing inject() for PlatformAgent[MixinPlatformAgentDefault:ModLauncher Root Container(ModLauncher:4f56a0a2)]
[07Jul2025 02:40:58.669] [main/DEBUG] [mixin/]: Processing inject() for PlatformAgent[MixinPlatformAgentDefault:SecureJarResource(minecraft)]
[07Jul2025 02:40:58.669] [main/DEBUG] [mixin/]: Processing inject() for PlatformAgent[MixinPlatformAgentDefault:SecureJarResource(forge)]
[07Jul2025 02:40:58.669] [main/INFO] [cpw.mods.modlauncher.LaunchServiceHandler/MODLAUNCHER]: Launching target 'forge_server' with arguments [nogui]
[07Jul2025 02:40:58.747] [main/DEBUG] [mixin/]: Error cleaning class output directory: .mixin.out
[07Jul2025 02:40:58.755] [main/DEBUG] [mixin/]: Preparing mixins for MixinEnvironment[DEFAULT]
[07Jul2025 02:40:59.318] [main/DEBUG] [io.netty.util.internal.logging.InternalLoggerFactory/]: Using SLF4J as the default logging framework
[07Jul2025 02:40:59.329] [main/DEBUG] [io.netty.util.ResourceLeakDetector/]: -Dio.netty.leakDetection.level: simple
[07Jul2025 02:40:59.330] [main/DEBUG] [io.netty.util.ResourceLeakDetector/]: -Dio.netty.leakDetection.targetRecords: 4
[07Jul2025 02:41:00.112] [main/WARN] [oshi.util.FileUtil/]: Configuration conflict: there is more than one oshi.properties file on the classpath: [jar:file:///workspaces/literate-octo-sniffle/servidor_minecraft/libraries/com/github/oshi/oshi-core/6.4.5/oshi-core-6.4.5.jar!/oshi.properties, jar:file:/workspaces/literate-octo-sniffle/servidor_minecraft/libraries/com/github/oshi/oshi-core/6.4.5/oshi-core-6.4.5.jar!/oshi.properties, jar:file:/workspaces/literate-octo-sniffle/servidor_minecraft/libraries/com/github/oshi/oshi-core/6.4.5/oshi-core-6.4.5.jar!/oshi.properties, jar:file:///workspaces/literate-octo-sniffle/servidor_minecraft/libraries/com/github/oshi/oshi-core/6.4.5/oshi-core-6.4.5.jar!/oshi.properties, jar:file:/workspaces/literate-octo-sniffle/servidor_minecraft/libraries/com/github/oshi/oshi-core/6.4.5/oshi-core-6.4.5.jar!/oshi.properties, jar:file:/workspaces/literate-octo-sniffle/servidor_minecraft/libraries/com/github/oshi/oshi-core/6.4.5/oshi-core-6.4.5.jar!/oshi.properties, jar:file:///workspaces/literate-octo-sniffle/servidor_minecraft/libraries/com/github/oshi/oshi-core/6.4.5/oshi-core-6.4.5.jar!/oshi.properties, jar:file:/workspaces/literate-octo-sniffle/servidor_minecraft/libraries/com/github/oshi/oshi-core/6.4.5/oshi-core-6.4.5.jar!/oshi.properties, jar:file:/workspaces/literate-octo-sniffle/servidor_minecraft/libraries/com/github/oshi/oshi-core/6.4.5/oshi-core-6.4.5.jar!/oshi.properties, jar:file:///workspaces/literate-octo-sniffle/servidor_minecraft/libraries/com/github/oshi/oshi-core/6.4.5/oshi-core-6.4.5.jar!/oshi.properties, jar:file:/workspaces/literate-octo-sniffle/servidor_minecraft/libraries/com/github/oshi/oshi-core/6.4.5/oshi-core-6.4.5.jar!/oshi.properties, jar:file:/workspaces/literate-octo-sniffle/servidor_minecraft/libraries/com/github/oshi/oshi-core/6.4.5/oshi-core-6.4.5.jar!/oshi.properties]
[07Jul2025 02:41:00.399] [main/DEBUG] [oshi.util.FileUtil/]: Reading file /proc/self/auxv
[07Jul2025 02:41:00.403] [main/DEBUG] [oshi.util.FileUtil/]: Reading file /proc/self/auxv
[07Jul2025 02:41:00.413] [main/DEBUG] [oshi.util.FileUtil/]: Reading file /proc/stat
[07Jul2025 02:41:00.424] [main/DEBUG] [oshi.util.FileUtil/]: Reading file /sys/devices/system/cpu/cpu0/topology/core_id
[07Jul2025 02:41:00.427] [main/DEBUG] [oshi.util.FileUtil/]: Reading file /sys/devices/system/cpu/cpu0/topology/core_id
[07Jul2025 02:41:00.430] [main/DEBUG] [oshi.util.FileUtil/]: Reading file /sys/devices/system/cpu/cpu0/topology/physical_package_id
[07Jul2025 02:41:00.430] [main/DEBUG] [oshi.util.FileUtil/]: Reading file /sys/devices/system/cpu/cpu0/topology/physical_package_id
[07Jul2025 02:41:00.431] [main/DEBUG] [oshi.util.FileUtil/]: Reading file /sys/devices/system/cpu/cpu0/cpu_capacity
[07Jul2025 02:41:00.438] [main/DEBUG] [oshi.util.FileUtil/]: Reading file /sys/devices/system/cpu/cpu0/cache/index2/level
[07Jul2025 02:41:00.441] [main/DEBUG] [oshi.util.FileUtil/]: Reading file /sys/devices/system/cpu/cpu0/cache/index2/level
[07Jul2025 02:41:00.441] [main/DEBUG] [oshi.util.FileUtil/]: Reading file /sys/devices/system/cpu/cpu0/cache/index2/type
[07Jul2025 02:41:00.443] [main/DEBUG] [oshi.util.FileUtil/]: Reading file /sys/devices/system/cpu/cpu0/cache/index2/type
[07Jul2025 02:41:00.446] [main/DEBUG] [oshi.util.FileUtil/]: Reading file /sys/devices/system/cpu/cpu0/cache/index2/ways_of_associativity
[07Jul2025 02:41:00.447] [main/DEBUG] [oshi.util.FileUtil/]: Reading file /sys/devices/system/cpu/cpu0/cache/index2/ways_of_associativity
[07Jul2025 02:41:00.449] [main/DEBUG] [oshi.util.FileUtil/]: Reading file /sys/devices/system/cpu/cpu0/cache/index2/coherency_line_size
[07Jul2025 02:41:00.449] [main/DEBUG] [oshi.util.FileUtil/]: Reading file /sys/devices/system/cpu/cpu0/cache/index2/coherency_line_size
[07Jul2025 02:41:00.449] [main/DEBUG] [oshi.util.FileUtil/]: Reading file /sys/devices/system/cpu/cpu0/cache/index2/size
[07Jul2025 02:41:00.449] [main/DEBUG] [oshi.util.FileUtil/]: Reading file /sys/devices/system/cpu/cpu0/cache/index2/size
[07Jul2025 02:41:00.450] [main/DEBUG] [oshi.util.FileUtil/]: Reading file /sys/devices/system/cpu/cpu0/cache/index0/level
[07Jul2025 02:41:00.451] [main/DEBUG] [oshi.util.FileUtil/]: Reading file /sys/devices/system/cpu/cpu0/cache/index0/level
[07Jul2025 02:41:00.452] [main/DEBUG] [oshi.util.FileUtil/]: Reading file /sys/devices/system/cpu/cpu0/cache/index0/type
[07Jul2025 02:41:00.452] [main/DEBUG] [oshi.util.FileUtil/]: Reading file /sys/devices/system/cpu/cpu0/cache/index0/type
[07Jul2025 02:41:00.452] [main/DEBUG] [oshi.util.FileUtil/]: Reading file /sys/devices/system/cpu/cpu0/cache/index0/ways_of_associativity
[07Jul2025 02:41:00.453] [main/DEBUG] [oshi.util.FileUtil/]: Reading file /sys/devices/system/cpu/cpu0/cache/index0/ways_of_associativity
[07Jul2025 02:41:00.453] [main/DEBUG] [oshi.util.FileUtil/]: Reading file /sys/devices/system/cpu/cpu0/cache/index0/coherency_line_size
[07Jul2025 02:41:00.454] [main/DEBUG] [oshi.util.FileUtil/]: Reading file /sys/devices/system/cpu/cpu0/cache/index0/coherency_line_size
[07Jul2025 02:41:00.454] [main/DEBUG] [oshi.util.FileUtil/]: Reading file /sys/devices/system/cpu/cpu0/cache/index0/size
[07Jul2025 02:41:00.454] [main/DEBUG] [oshi.util.FileUtil/]: Reading file /sys/devices/system/cpu/cpu0/cache/index0/size
[07Jul2025 02:41:00.455] [main/DEBUG] [oshi.util.FileUtil/]: Reading file /sys/devices/system/cpu/cpu0/cache/index3/level
[07Jul2025 02:41:00.455] [main/DEBUG] [oshi.util.FileUtil/]: Reading file /sys/devices/system/cpu/cpu0/cache/index3/level
[07Jul2025 02:41:00.455] [main/DEBUG] [oshi.util.FileUtil/]: Reading file /sys/devices/system/cpu/cpu0/cache/index3/type
[07Jul2025 02:41:00.455] [main/DEBUG] [oshi.util.FileUtil/]: Reading file /sys/devices/system/cpu/cpu0/cache/index3/type
[07Jul2025 02:41:00.456] [main/DEBUG] [oshi.util.FileUtil/]: Reading file /sys/devices/system/cpu/cpu0/cache/index3/ways_of_associativity
[07Jul2025 02:41:00.457] [main/DEBUG] [oshi.util.FileUtil/]: Reading file /sys/devices/system/cpu/cpu0/cache/index3/ways_of_associativity
[07Jul2025 02:41:00.457] [main/DEBUG] [oshi.util.FileUtil/]: Reading file /sys/devices/system/cpu/cpu0/cache/index3/coherency_line_size
[07Jul2025 02:41:00.458] [main/DEBUG] [oshi.util.FileUtil/]: Reading file /sys/devices/system/cpu/cpu0/cache/index3/coherency_line_size
[07Jul2025 02:41:00.459] [main/DEBUG] [oshi.util.FileUtil/]: Reading file /sys/devices/system/cpu/cpu0/cache/index3/size
[07Jul2025 02:41:00.459] [main/DEBUG] [oshi.util.FileUtil/]: Reading file /sys/devices/system/cpu/cpu0/cache/index3/size
[07Jul2025 02:41:00.460] [main/DEBUG] [oshi.util.FileUtil/]: Reading file /sys/devices/system/cpu/cpu0/cache/index1/level
[07Jul2025 02:41:00.460] [main/DEBUG] [oshi.util.FileUtil/]: Reading file /sys/devices/system/cpu/cpu0/cache/index1/level
[07Jul2025 02:41:00.460] [main/DEBUG] [oshi.util.FileUtil/]: Reading file /sys/devices/system/cpu/cpu0/cache/index1/type
[07Jul2025 02:41:00.461] [main/DEBUG] [oshi.util.FileUtil/]: Reading file /sys/devices/system/cpu/cpu0/cache/index1/type
[07Jul2025 02:41:00.462] [main/DEBUG] [oshi.util.FileUtil/]: Reading file /sys/devices/system/cpu/cpu0/cache/index1/ways_of_associativity
[07Jul2025 02:41:00.462] [main/DEBUG] [oshi.util.FileUtil/]: Reading file /sys/devices/system/cpu/cpu0/cache/index1/ways_of_associativity
[07Jul2025 02:41:00.463] [main/DEBUG] [oshi.util.FileUtil/]: Reading file /sys/devices/system/cpu/cpu0/cache/index1/coherency_line_size
[07Jul2025 02:41:00.463] [main/DEBUG] [oshi.util.FileUtil/]: Reading file /sys/devices/system/cpu/cpu0/cache/index1/coherency_line_size
[07Jul2025 02:41:00.464] [main/DEBUG] [oshi.util.FileUtil/]: Reading file /sys/devices/system/cpu/cpu0/cache/index1/size
[07Jul2025 02:41:00.464] [main/DEBUG] [oshi.util.FileUtil/]: Reading file /sys/devices/system/cpu/cpu0/cache/index1/size
[07Jul2025 02:41:00.465] [main/DEBUG] [oshi.util.FileUtil/]: Reading file /sys/devices/system/cpu/cpu1/topology/core_id
[07Jul2025 02:41:00.465] [main/DEBUG] [oshi.util.FileUtil/]: Reading file /sys/devices/system/cpu/cpu1/topology/core_id
[07Jul2025 02:41:00.465] [main/DEBUG] [oshi.util.FileUtil/]: Reading file /sys/devices/system/cpu/cpu1/topology/physical_package_id
[07Jul2025 02:41:00.465] [main/DEBUG] [oshi.util.FileUtil/]: Reading file /sys/devices/system/cpu/cpu1/topology/physical_package_id
[07Jul2025 02:41:00.466] [main/DEBUG] [oshi.util.FileUtil/]: Reading file /sys/devices/system/cpu/cpu1/cpu_capacity
[07Jul2025 02:41:00.466] [main/DEBUG] [oshi.util.FileUtil/]: Reading file /sys/devices/system/cpu/cpu1/cache/index2/level
[07Jul2025 02:41:00.466] [main/DEBUG] [oshi.util.FileUtil/]: Reading file /sys/devices/system/cpu/cpu1/cache/index2/level
[07Jul2025 02:41:00.467] [main/DEBUG] [oshi.util.FileUtil/]: Reading file /sys/devices/system/cpu/cpu1/cache/index2/type
[07Jul2025 02:41:00.467] [main/DEBUG] [oshi.util.FileUtil/]: Reading file /sys/devices/system/cpu/cpu1/cache/index2/type
[07Jul2025 02:41:00.468] [main/DEBUG] [oshi.util.FileUtil/]: Reading file /sys/devices/system/cpu/cpu1/cache/index2/ways_of_associativity
[07Jul2025 02:41:00.468] [main/DEBUG] [oshi.util.FileUtil/]: Reading file /sys/devices/system/cpu/cpu1/cache/index2/ways_of_associativity
[07Jul2025 02:41:00.468] [main/DEBUG] [oshi.util.FileUtil/]: Reading file /sys/devices/system/cpu/cpu1/cache/index2/coherency_line_size
[07Jul2025 02:41:00.469] [main/DEBUG] [oshi.util.FileUtil/]: Reading file /sys/devices/system/cpu/cpu1/cache/index2/coherency_line_size
[07Jul2025 02:41:00.469] [main/DEBUG] [oshi.util.FileUtil/]: Reading file /sys/devices/system/cpu/cpu1/cache/index2/size
[07Jul2025 02:41:00.469] [main/DEBUG] [oshi.util.FileUtil/]: Reading file /sys/devices/system/cpu/cpu1/cache/index2/size
[07Jul2025 02:41:00.469] [main/DEBUG] [oshi.util.FileUtil/]: Reading file /sys/devices/system/cpu/cpu1/cache/index0/level
[07Jul2025 02:41:00.469] [main/DEBUG] [oshi.util.FileUtil/]: Reading file /sys/devices/system/cpu/cpu1/cache/index0/level
[07Jul2025 02:41:00.469] [main/DEBUG] [oshi.util.FileUtil/]: Reading file /sys/devices/system/cpu/cpu1/cache/index0/type
[07Jul2025 02:41:00.469] [main/DEBUG] [oshi.util.FileUtil/]: Reading file /sys/devices/system/cpu/cpu1/cache/index0/type
[07Jul2025 02:41:00.470] [main/DEBUG] [oshi.util.FileUtil/]: Reading file /sys/devices/system/cpu/cpu1/cache/index0/ways_of_associativity
[07Jul2025 02:41:00.470] [main/DEBUG] [oshi.util.FileUtil/]: Reading file /sys/devices/system/cpu/cpu1/cache/index0/ways_of_associativity
[07Jul2025 02:41:00.470] [main/DEBUG] [oshi.util.FileUtil/]: Reading file /sys/devices/system/cpu/cpu1/cache/index0/coherency_line_size
[07Jul2025 02:41:00.470] [main/DEBUG] [oshi.util.FileUtil/]: Reading file /sys/devices/system/cpu/cpu1/cache/index0/coherency_line_size
[07Jul2025 02:41:00.470] [main/DEBUG] [oshi.util.FileUtil/]: Reading file /sys/devices/system/cpu/cpu1/cache/index0/size
[07Jul2025 02:41:00.470] [main/DEBUG] [oshi.util.FileUtil/]: Reading file /sys/devices/system/cpu/cpu1/cache/index0/size
[07Jul2025 02:41:00.470] [main/DEBUG] [oshi.util.FileUtil/]: Reading file /sys/devices/system/cpu/cpu1/cache/index3/level
[07Jul2025 02:41:00.473] [main/DEBUG] [oshi.util.FileUtil/]: Reading file /sys/devices/system/cpu/cpu1/cache/index3/level
[07Jul2025 02:41:00.473] [main/DEBUG] [oshi.util.FileUtil/]: Reading file /sys/devices/system/cpu/cpu1/cache/index3/type
[07Jul2025 02:41:00.473] [main/DEBUG] [oshi.util.FileUtil/]: Reading file /sys/devices/system/cpu/cpu1/cache/index3/type
[07Jul2025 02:41:00.474] [main/DEBUG] [oshi.util.FileUtil/]: Reading file /sys/devices/system/cpu/cpu1/cache/index3/ways_of_associativity
[07Jul2025 02:41:00.474] [main/DEBUG] [oshi.util.FileUtil/]: Reading file /sys/devices/system/cpu/cpu1/cache/index3/ways_of_associativity
[07Jul2025 02:41:00.476] [main/DEBUG] [oshi.util.FileUtil/]: Reading file /sys/devices/system/cpu/cpu1/cache/index3/coherency_line_size
[07Jul2025 02:41:00.476] [main/DEBUG] [oshi.util.FileUtil/]: Reading file /sys/devices/system/cpu/cpu1/cache/index3/coherency_line_size
[07Jul2025 02:41:00.476] [main/DEBUG] [oshi.util.FileUtil/]: Reading file /sys/devices/system/cpu/cpu1/cache/index3/size
[07Jul2025 02:41:00.476] [main/DEBUG] [oshi.util.FileUtil/]: Reading file /sys/devices/system/cpu/cpu1/cache/index3/size
[07Jul2025 02:41:00.477] [main/DEBUG] [oshi.util.FileUtil/]: Reading file /sys/devices/system/cpu/cpu1/cache/index1/level
[07Jul2025 02:41:00.477] [main/DEBUG] [oshi.util.FileUtil/]: Reading file /sys/devices/system/cpu/cpu1/cache/index1/level
[07Jul2025 02:41:00.477] [main/DEBUG] [oshi.util.FileUtil/]: Reading file /sys/devices/system/cpu/cpu1/cache/index1/type
[07Jul2025 02:41:00.477] [main/DEBUG] [oshi.util.FileUtil/]: Reading file /sys/devices/system/cpu/cpu1/cache/index1/type
[07Jul2025 02:41:00.477] [main/DEBUG] [oshi.util.FileUtil/]: Reading file /sys/devices/system/cpu/cpu1/cache/index1/ways_of_associativity
[07Jul2025 02:41:00.477] [main/DEBUG] [oshi.util.FileUtil/]: Reading file /sys/devices/system/cpu/cpu1/cache/index1/ways_of_associativity
[07Jul2025 02:41:00.477] [main/DEBUG] [oshi.util.FileUtil/]: Reading file /sys/devices/system/cpu/cpu1/cache/index1/coherency_line_size
[07Jul2025 02:41:00.477] [main/DEBUG] [oshi.util.FileUtil/]: Reading file /sys/devices/system/cpu/cpu1/cache/index1/coherency_line_size
[07Jul2025 02:41:00.484] [main/DEBUG] [oshi.util.FileUtil/]: Reading file /sys/devices/system/cpu/cpu1/cache/index1/size
[07Jul2025 02:41:00.484] [main/DEBUG] [oshi.util.FileUtil/]: Reading file /sys/devices/system/cpu/cpu1/cache/index1/size
[07Jul2025 02:41:00.487] [main/DEBUG] [oshi.util.FileUtil/]: Reading file /proc/cpuinfo
[07Jul2025 02:41:00.547] [main/DEBUG] [oshi.util.FileUtil/]: Reading file /proc/self/auxv
[07Jul2025 02:41:00.555] [main/WARN] [oshi.util.FileUtil/]: Configuration conflict: there is more than one oshi.architecture.properties file on the classpath: [jar:file:///workspaces/literate-octo-sniffle/servidor_minecraft/libraries/com/github/oshi/oshi-core/6.4.5/oshi-core-6.4.5.jar!/oshi.architecture.properties, jar:file:/workspaces/literate-octo-sniffle/servidor_minecraft/libraries/com/github/oshi/oshi-core/6.4.5/oshi-core-6.4.5.jar!/oshi.architecture.properties, jar:file:/workspaces/literate-octo-sniffle/servidor_minecraft/libraries/com/github/oshi/oshi-core/6.4.5/oshi-core-6.4.5.jar!/oshi.architecture.properties, jar:file:///workspaces/literate-octo-sniffle/servidor_minecraft/libraries/com/github/oshi/oshi-core/6.4.5/oshi-core-6.4.5.jar!/oshi.architecture.properties, jar:file:/workspaces/literate-octo-sniffle/servidor_minecraft/libraries/com/github/oshi/oshi-core/6.4.5/oshi-core-6.4.5.jar!/oshi.architecture.properties, jar:file:/workspaces/literate-octo-sniffle/servidor_minecraft/libraries/com/github/oshi/oshi-core/6.4.5/oshi-core-6.4.5.jar!/oshi.architecture.properties, jar:file:///workspaces/literate-octo-sniffle/servidor_minecraft/libraries/com/github/oshi/oshi-core/6.4.5/oshi-core-6.4.5.jar!/oshi.architecture.properties, jar:file:/workspaces/literate-octo-sniffle/servidor_minecraft/libraries/com/github/oshi/oshi-core/6.4.5/oshi-core-6.4.5.jar!/oshi.architecture.properties, jar:file:/workspaces/literate-octo-sniffle/servidor_minecraft/libraries/com/github/oshi/oshi-core/6.4.5/oshi-core-6.4.5.jar!/oshi.architecture.properties, jar:file:///workspaces/literate-octo-sniffle/servidor_minecraft/libraries/com/github/oshi/oshi-core/6.4.5/oshi-core-6.4.5.jar!/oshi.architecture.properties, jar:file:/workspaces/literate-octo-sniffle/servidor_minecraft/libraries/com/github/oshi/oshi-core/6.4.5/oshi-core-6.4.5.jar!/oshi.architecture.properties, jar:file:/workspaces/literate-octo-sniffle/servidor_minecraft/libraries/com/github/oshi/oshi-core/6.4.5/oshi-core-6.4.5.jar!/oshi.architecture.properties]
[07Jul2025 02:41:00.580] [main/DEBUG] [oshi.util.FileUtil/]: Reading file /proc/meminfo
[07Jul2025 02:41:00.581] [main/DEBUG] [oshi.util.FileUtil/]: Reading file /proc/meminfo
[07Jul2025 02:41:02.222] [main/DEBUG] [net.minecraftforge.coremod.transformer.CoreModBaseTransformer/COREMOD]: Transforming net/minecraft/world/entity/EntityType
[07Jul2025 02:41:04.242] [main/DEBUG] [net.minecraftforge.coremod.transformer.CoreModBaseTransformer/COREMOD]: Transforming net/minecraft/world/level/block/LiquidBlock
[07Jul2025 02:41:04.784] [main/DEBUG] [net.minecraftforge.coremod.transformer.CoreModBaseTransformer/COREMOD]: Transforming net/minecraft/world/level/block/FlowerPotBlock
[07Jul2025 02:41:07.067] [main/DEBUG] [net.minecraftforge.coremod.transformer.CoreModBaseTransformer/COREMOD]: Transforming net/minecraft/world/item/ItemStack
[07Jul2025 02:41:07.109] [main/DEBUG] [net.minecraftforge.coremod.transformer.CoreModBaseTransformer/COREMOD]: Transforming net/minecraft/world/level/biome/Biome
[07Jul2025 02:41:08.974] [main/DEBUG] [net.minecraftforge.coremod.transformer.CoreModBaseTransformer/COREMOD]: Transforming net/minecraft/world/entity/animal/frog/Tadpole
[07Jul2025 02:41:09.139] [main/DEBUG] [net.minecraftforge.coremod.transformer.CoreModBaseTransformer/COREMOD]: Transforming net/minecraft/world/item/BucketItem
[07Jul2025 02:41:11.827] [main/DEBUG] [net.minecraftforge.coremod.transformer.CoreModBaseTransformer/COREMOD]: Transforming net/minecraft/world/entity/monster/Spider
[07Jul2025 02:41:11.951] [main/DEBUG] [net.minecraftforge.coremod.transformer.CoreModBaseTransformer/COREMOD]: Transforming net/minecraft/world/entity/monster/Zombie
[07Jul2025 02:41:12.098] [main/DEBUG] [net.minecraftforge.coremod.transformer.CoreModBaseTransformer/COREMOD]: Transforming net/minecraft/world/entity/monster/ZombieVillager
[07Jul2025 02:41:12.236] [main/DEBUG] [net.minecraftforge.coremod.transformer.CoreModBaseTransformer/COREMOD]: Transforming net/minecraft/world/entity/monster/Evoker$EvokerSummonSpellGoal
[07Jul2025 02:41:12.424] [main/DEBUG] [net.minecraftforge.coremod.transformer.CoreModBaseTransformer/COREMOD]: Transforming net/minecraft/world/entity/animal/horse/SkeletonTrapGoal
[07Jul2025 02:41:12.469] [main/DEBUG] [net.minecraftforge.coremod.transformer.CoreModBaseTransformer/COREMOD]: Transforming net/minecraft/world/entity/monster/Strider
[07Jul2025 02:41:12.704] [main/DEBUG] [net.minecraftforge.coremod.transformer.CoreModBaseTransformer/COREMOD]: Transforming net/minecraft/world/entity/npc/Villager
[07Jul2025 02:41:12.890] [main/DEBUG] [net.minecraftforge.coremod.transformer.CoreModBaseTransformer/COREMOD]: Transforming net/minecraft/world/effect/MobEffectInstance
[07Jul2025 02:41:14.435] [main/DEBUG] [net.minecraftforge.coremod.transformer.CoreModBaseTransformer/COREMOD]: Transforming net/minecraft/world/level/levelgen/structure/Structure
[07Jul2025 02:41:14.516] [main/DEBUG] [net.minecraftforge.coremod.transformer.CoreModBaseTransformer/COREMOD]: Transforming net/minecraft/world/level/levelgen/structure/structures/OceanRuinPieces$OceanRuinPiece
[07Jul2025 02:41:14.542] [main/DEBUG] [net.minecraftforge.coremod.transformer.CoreModBaseTransformer/COREMOD]: Transforming net/minecraft/world/level/levelgen/structure/structures/SwampHutPiece
[07Jul2025 02:41:14.567] [main/DEBUG] [net.minecraftforge.coremod.transformer.CoreModBaseTransformer/COREMOD]: Transforming net/minecraft/world/level/levelgen/structure/structures/OceanMonumentPieces$OceanMonumentPiece
[07Jul2025 02:41:14.620] [main/DEBUG] [net.minecraftforge.coremod.transformer.CoreModBaseTransformer/COREMOD]: Transforming net/minecraft/world/level/levelgen/structure/structures/WoodlandMansionPieces$WoodlandMansionPiece
[07Jul2025 02:41:15.462] [main/DEBUG] [net.minecraftforge.common.ForgeI18n/CORE]: Loading I18N data entries: 6753
[07Jul2025 02:41:15.508] [main/DEBUG] [net.minecraftforge.fml.ModWorkManager/LOADING]: Using 2 threads for parallel mod-loading
[07Jul2025 02:41:15.516] [main/DEBUG] [net.minecraftforge.fml.javafmlmod.FMLJavaModLanguageProvider/LOADING]: Loading FMLModContainer from classloader TransformingClassLoader[TRANSFORMER]@1775046789 - got SecureModuleClassLoader[LAYER PLUGIN]@2086945474
[07Jul2025 02:41:15.517] [main/DEBUG] [net.minecraftforge.fml.javafmlmod.FMLModContainer/LOADING]: Creating FMLModContainer instance for net.minecraftforge.common.ForgeMod
[07Jul2025 02:41:15.583] [modloading-worker-0/DEBUG] [net.minecraftforge.versions.forge.ForgeVersion/CORE]: Forge Version package package net.minecraftforge.versions.forge, Forge, version 0.0 from TransformingClassLoader[TRANSFORMER]@1775046789
[07Jul2025 02:41:15.585] [modloading-worker-0/DEBUG] [net.minecraftforge.versions.forge.ForgeVersion/CORE]: Found Forge version 49.1.4
[07Jul2025 02:41:15.587] [modloading-worker-0/DEBUG] [net.minecraftforge.versions.forge.ForgeVersion/CORE]: Found Forge spec 0.0
[07Jul2025 02:41:15.587] [modloading-worker-0/DEBUG] [net.minecraftforge.versions.forge.ForgeVersion/CORE]: Found Forge group net.minecraftforge
[07Jul2025 02:41:15.588] [modloading-worker-0/DEBUG] [net.minecraftforge.versions.mcp.MCPVersion/CORE]: MCP Version package package net.minecraftforge.versions.mcp, Minecraft, version 1.20.4 from TransformingClassLoader[TRANSFORMER]@1775046789
[07Jul2025 02:41:15.588] [modloading-worker-0/DEBUG] [net.minecraftforge.versions.mcp.MCPVersion/CORE]: Found MC version information 1.20.4
[07Jul2025 02:41:15.588] [modloading-worker-0/DEBUG] [net.minecraftforge.versions.mcp.MCPVersion/CORE]: Found MCP version information 20231207.112700
[07Jul2025 02:41:15.588] [modloading-worker-0/INFO] [net.minecraftforge.common.ForgeMod/FORGEMOD]: Forge mod loading, version 49.1.4, for MC 1.20.4 with MCP 20231207.112700
[07Jul2025 02:41:15.591] [modloading-worker-0/INFO] [net.minecraftforge.common.MinecraftForge/FORGE]: MinecraftForge v49.1.4 Initialized
[07Jul2025 02:41:15.756] [modloading-worker-0/INFO] [net.minecraftforge.common.ForgeMod/FORGEMOD]: Opening jdk.naming.dns/com.sun.jndi.dns to java.naming
[07Jul2025 02:41:15.795] [modloading-worker-0/DEBUG] [io.netty.util.internal.PlatformDependent0/]: -Dio.netty.noUnsafe: false
[07Jul2025 02:41:15.796] [modloading-worker-0/DEBUG] [io.netty.util.internal.PlatformDependent0/]: Java version: 21
[07Jul2025 02:41:15.796] [modloading-worker-0/DEBUG] [io.netty.util.internal.PlatformDependent0/]: sun.misc.Unsafe.theUnsafe: available
[07Jul2025 02:41:15.797] [modloading-worker-0/DEBUG] [io.netty.util.internal.PlatformDependent0/]: sun.misc.Unsafe.copyMemory: available
[07Jul2025 02:41:15.800] [modloading-worker-0/DEBUG] [io.netty.util.internal.PlatformDependent0/]: sun.misc.Unsafe.storeFence: available
[07Jul2025 02:41:15.800] [modloading-worker-0/DEBUG] [io.netty.util.internal.PlatformDependent0/]: java.nio.Buffer.address: available
[07Jul2025 02:41:15.801] [modloading-worker-0/DEBUG] [io.netty.util.internal.PlatformDependent0/]: direct buffer constructor: unavailable
java.lang.UnsupportedOperationException: Reflective setAccessible(true) disabled
	at io.netty.util.internal.ReflectionUtil.trySetAccessible(ReflectionUtil.java:31) ~[netty-common-4.1.97.Final.jar:4.1.97.Final]
	at io.netty.util.internal.PlatformDependent0$5.run(PlatformDependent0.java:289) ~[netty-common-4.1.97.Final.jar:4.1.97.Final]
	at java.security.AccessController.doPrivileged(AccessController.java:319) ~[?:?]
	at io.netty.util.internal.PlatformDependent0.<clinit>(PlatformDependent0.java:282) ~[netty-common-4.1.97.Final.jar:4.1.97.Final]
	at io.netty.util.internal.PlatformDependent.isAndroid(PlatformDependent.java:333) ~[netty-common-4.1.97.Final.jar:4.1.97.Final]
	at io.netty.util.internal.PlatformDependent.<clinit>(PlatformDependent.java:88) ~[netty-common-4.1.97.Final.jar:4.1.97.Final]
	at io.netty.util.ConstantPool.<init>(ConstantPool.java:34) ~[netty-common-4.1.97.Final.jar:4.1.97.Final]
	at io.netty.util.AttributeKey$1.<init>(AttributeKey.java:27) ~[netty-common-4.1.97.Final.jar:4.1.97.Final]
	at io.netty.util.AttributeKey.<clinit>(AttributeKey.java:27) ~[netty-common-4.1.97.Final.jar:4.1.97.Final]
	at net.minecraftforge.network.NetworkInitialization.<clinit>(NetworkInitialization.java:34) ~[forge-1.20.4-49.1.4-universal.jar:?]
	at net.minecraftforge.common.ForgeMod.<init>(ForgeMod.java:404) ~[forge-1.20.4-49.1.4-universal.jar:?]
	at jdk.internal.reflect.DirectConstructorHandleAccessor.newInstance(DirectConstructorHandleAccessor.java:62) ~[?:?]
	at java.lang.reflect.Constructor.newInstanceWithCaller(Constructor.java:502) ~[?:?]
	at java.lang.reflect.Constructor.newInstance(Constructor.java:486) ~[?:?]
	at net.minecraftforge.fml.javafmlmod.FMLModContainer.constructMod(FMLModContainer.java:66) ~[javafmllanguage-1.20.4-49.1.4.jar!/:49.1.4]
	at net.minecraftforge.fml.ModContainer.lambda$buildTransitionHandler$5(ModContainer.java:125) ~[fmlcore-1.20.4-49.1.4.jar!/:1.0]
	at java.util.concurrent.CompletableFuture$AsyncRun.run(CompletableFuture.java:1804) ~[?:?]
	at java.util.concurrent.CompletableFuture$AsyncRun.exec(CompletableFuture.java:1796) ~[?:?]
	at java.util.concurrent.ForkJoinTask.doExec(ForkJoinTask.java:387) ~[?:?]
	at java.util.concurrent.ForkJoinPool$WorkQueue.topLevelExec(ForkJoinPool.java:1312) ~[?:?]
	at java.util.concurrent.ForkJoinPool.scan(ForkJoinPool.java:1843) ~[?:?]
	at java.util.concurrent.ForkJoinPool.runWorker(ForkJoinPool.java:1808) ~[?:?]
	at java.util.concurrent.ForkJoinWorkerThread.run(ForkJoinWorkerThread.java:188) ~[?:?]
[07Jul2025 02:41:15.819] [modloading-worker-0/DEBUG] [io.netty.util.internal.PlatformDependent0/]: java.nio.Bits.unaligned: available, true
[07Jul2025 02:41:15.822] [modloading-worker-0/DEBUG] [io.netty.util.internal.PlatformDependent0/]: jdk.internal.misc.Unsafe.allocateUninitializedArray(int): unavailable
java.lang.IllegalAccessException: class io.netty.util.internal.PlatformDependent0$7 (in module io.netty.common) cannot access class jdk.internal.misc.Unsafe (in module java.base) because module java.base does not export jdk.internal.misc to module io.netty.common
	at jdk.internal.reflect.Reflection.newIllegalAccessException(Reflection.java:394) ~[?:?]
	at java.lang.reflect.AccessibleObject.checkAccess(AccessibleObject.java:714) ~[?:?]
	at java.lang.reflect.Method.invoke(Method.java:571) ~[?:?]
	at io.netty.util.internal.PlatformDependent0$7.run(PlatformDependent0.java:411) ~[netty-common-4.1.97.Final.jar:4.1.97.Final]
	at java.security.AccessController.doPrivileged(AccessController.java:319) ~[?:?]
	at io.netty.util.internal.PlatformDependent0.<clinit>(PlatformDependent0.java:402) ~[netty-common-4.1.97.Final.jar:4.1.97.Final]
	at io.netty.util.internal.PlatformDependent.isAndroid(PlatformDependent.java:333) ~[netty-common-4.1.97.Final.jar:4.1.97.Final]
	at io.netty.util.internal.PlatformDependent.<clinit>(PlatformDependent.java:88) ~[netty-common-4.1.97.Final.jar:4.1.97.Final]
	at io.netty.util.ConstantPool.<init>(ConstantPool.java:34) ~[netty-common-4.1.97.Final.jar:4.1.97.Final]
	at io.netty.util.AttributeKey$1.<init>(AttributeKey.java:27) ~[netty-common-4.1.97.Final.jar:4.1.97.Final]
	at io.netty.util.AttributeKey.<clinit>(AttributeKey.java:27) ~[netty-common-4.1.97.Final.jar:4.1.97.Final]
	at net.minecraftforge.network.NetworkInitialization.<clinit>(NetworkInitialization.java:34) ~[forge-1.20.4-49.1.4-universal.jar:?]
	at net.minecraftforge.common.ForgeMod.<init>(ForgeMod.java:404) ~[forge-1.20.4-49.1.4-universal.jar:?]
	at jdk.internal.reflect.DirectConstructorHandleAccessor.newInstance(DirectConstructorHandleAccessor.java:62) ~[?:?]
	at java.lang.reflect.Constructor.newInstanceWithCaller(Constructor.java:502) ~[?:?]
	at java.lang.reflect.Constructor.newInstance(Constructor.java:486) ~[?:?]
	at net.minecraftforge.fml.javafmlmod.FMLModContainer.constructMod(FMLModContainer.java:66) ~[javafmllanguage-1.20.4-49.1.4.jar!/:49.1.4]
	at net.minecraftforge.fml.ModContainer.lambda$buildTransitionHandler$5(ModContainer.java:125) ~[fmlcore-1.20.4-49.1.4.jar!/:1.0]
	at java.util.concurrent.CompletableFuture$AsyncRun.run(CompletableFuture.java:1804) ~[?:?]
	at java.util.concurrent.CompletableFuture$AsyncRun.exec(CompletableFuture.java:1796) ~[?:?]
	at java.util.concurrent.ForkJoinTask.doExec(ForkJoinTask.java:387) ~[?:?]
	at java.util.concurrent.ForkJoinPool$WorkQueue.topLevelExec(ForkJoinPool.java:1312) ~[?:?]
	at java.util.concurrent.ForkJoinPool.scan(ForkJoinPool.java:1843) ~[?:?]
	at java.util.concurrent.ForkJoinPool.runWorker(ForkJoinPool.java:1808) ~[?:?]
	at java.util.concurrent.ForkJoinWorkerThread.run(ForkJoinWorkerThread.java:188) ~[?:?]
[07Jul2025 02:41:15.824] [modloading-worker-0/DEBUG] [io.netty.util.internal.PlatformDependent0/]: java.nio.DirectByteBuffer.<init>(long, {int,long}): unavailable
[07Jul2025 02:41:15.824] [modloading-worker-0/DEBUG] [io.netty.util.internal.PlatformDependent/]: sun.misc.Unsafe: available
[07Jul2025 02:41:15.824] [modloading-worker-0/DEBUG] [io.netty.util.internal.PlatformDependent/]: maxDirectMemory: 6442450944 bytes (maybe)
[07Jul2025 02:41:15.824] [modloading-worker-0/DEBUG] [io.netty.util.internal.PlatformDependent/]: -Dio.netty.tmpdir: /tmp (java.io.tmpdir)
[07Jul2025 02:41:15.825] [modloading-worker-0/DEBUG] [io.netty.util.internal.PlatformDependent/]: -Dio.netty.bitMode: 64 (sun.arch.data.model)
[07Jul2025 02:41:15.828] [modloading-worker-0/DEBUG] [io.netty.util.internal.PlatformDependent/]: -Dio.netty.maxDirectMemory: -1 bytes
[07Jul2025 02:41:15.828] [modloading-worker-0/DEBUG] [io.netty.util.internal.PlatformDependent/]: -Dio.netty.uninitializedArrayAllocationThreshold: -1
[07Jul2025 02:41:15.831] [modloading-worker-0/DEBUG] [io.netty.util.internal.CleanerJava9/]: java.nio.ByteBuffer.cleaner(): available
[07Jul2025 02:41:15.832] [modloading-worker-0/DEBUG] [io.netty.util.internal.PlatformDependent/]: -Dio.netty.noPreferDirect: false
[07Jul2025 02:41:15.879] [modloading-worker-0/DEBUG] [net.minecraftforge.network.NetworkInitialization/FORGE_NETWORK]: Registering Network forge:login v0
[07Jul2025 02:41:15.879] [modloading-worker-0/DEBUG] [net.minecraftforge.network.NetworkInitialization/FORGE_NETWORK]: Registering Network forge:handshake v0
[07Jul2025 02:41:15.880] [modloading-worker-0/DEBUG] [net.minecraftforge.network.NetworkInitialization/FORGE_NETWORK]: Registering Network minecraft:register v0
[07Jul2025 02:41:15.881] [modloading-worker-0/DEBUG] [net.minecraftforge.network.NetworkInitialization/FORGE_NETWORK]: Registering Network minecraft:unregister v0
[07Jul2025 02:41:15.980] [modloading-worker-0/DEBUG] [net.minecraftforge.fml.config.ConfigTracker/CONFIG]: Config file forge-client.toml for forge tracking
[07Jul2025 02:41:15.982] [modloading-worker-0/DEBUG] [net.minecraftforge.fml.config.ConfigTracker/CONFIG]: Config file forge-server.toml for forge tracking
[07Jul2025 02:41:15.983] [modloading-worker-0/DEBUG] [net.minecraftforge.fml.ModLoadingContext/]: Attempted to register an empty config for type COMMON on mod forge
[07Jul2025 02:41:16.099] [modloading-worker-0/DEBUG] [net.minecraftforge.fml.javafmlmod.AutomaticEventSubscriber/LOADING]: Attempting to inject @EventBusSubscriber classes into the eventbus for forge
[07Jul2025 02:41:16.105] [modloading-worker-0/DEBUG] [net.minecraftforge.fml.javafmlmod.AutomaticEventSubscriber/LOADING]: Auto-subscribing net.minecraftforge.common.ForgeSpawnEggItem$CommonHandler to MOD
[07Jul2025 02:41:16.469] [main/DEBUG] [net.minecraftforge.common.capabilities.CapabilityManager/CAPABILITIES]: Attempting to automatically register: Lnet/minecraftforge/energy/IEnergyStorage;
[07Jul2025 02:41:16.471] [main/DEBUG] [net.minecraftforge.common.capabilities.CapabilityManager/CAPABILITIES]: Attempting to automatically register: Lnet/minecraftforge/fluids/capability/IFluidHandler;
[07Jul2025 02:41:16.471] [main/DEBUG] [net.minecraftforge.common.capabilities.CapabilityManager/CAPABILITIES]: Attempting to automatically register: Lnet/minecraftforge/fluids/capability/IFluidHandlerItem;
[07Jul2025 02:41:16.472] [main/DEBUG] [net.minecraftforge.common.capabilities.CapabilityManager/CAPABILITIES]: Attempting to automatically register: Lnet/minecraftforge/items/IItemHandler;
[07Jul2025 02:41:16.923] [main/DEBUG] [net.minecraftforge.fml.config.ConfigTracker/CONFIG]: Loading configs type COMMON
[07Jul2025 02:41:18.101] [Forge Version Check/INFO] [net.minecraftforge.fml.VersionChecker/]: [forge] Starting version check at https://files.minecraftforge.net/net/minecraftforge/forge/promotions_slim.json
[07Jul2025 02:41:19.265] [Forge Version Check/DEBUG] [net.minecraftforge.fml.VersionChecker/]: [forge] Received version check data:
{
  "homepage": "https://files.minecraftforge.net/net/minecraftforge/forge/",
  "promos": {
    "1.1-latest": "1.3.4.29",
    "1.2.3-latest": "1.4.1.64",
    "1.2.4-latest": "2.0.0.68",
    "1.2.5-latest": "3.4.9.171",
    "1.3.2-latest": "4.3.5.318",
    "1.4.0-latest": "5.0.0.326",
    "1.4.1-latest": "6.0.0.329",
    "1.4.2-latest": "6.0.1.355",
    "1.4.3-latest": "6.2.1.358",
    "1.4.4-latest": "6.3.0.378",
    "1.4.5-latest": "6.4.2.448",
    "1.4.6-latest": "6.5.0.489",
    "1.4.7-latest": "6.6.2.534",
    "1.5-latest": "7.7.0.598",
    "1.5.1-latest": "7.7.2.682",
    "1.5.2-latest": "7.8.1.738",
    "1.5.2-recommended": "7.8.1.738",
    "1.6.1-latest": "8.9.0.775",
    "1.6.2-latest": "9.10.1.871",
    "1.6.2-recommended": "9.10.1.871",
    "1.6.3-latest": "9.11.0.878",
    "1.6.4-latest": "9.11.1.1345",
    "1.6.4-recommended": "9.11.1.1345",
    "1.7.2-latest": "10.12.2.1161",
    "1.7.2-recommended": "10.12.2.1161",
    "1.7.10_pre4-latest": "10.12.2.1149",
    "1.7.10-latest": "10.13.4.1614",
    "1.7.10-recommended": "10.13.4.1614",
    "1.8-latest": "11.14.4.1577",
    "1.8-recommended": "11.14.4.1563",
    "1.8.8-latest": "11.15.0.1655",
    "1.8.9-latest": "11.15.1.2318",
    "1.8.9-recommended": "11.15.1.2318",
    "1.9-latest": "12.16.1.1938",
    "1.9-recommended": "12.16.1.1887",
    "1.9.4-latest": "12.17.0.2317",
    "1.9.4-recommended": "12.17.0.2317",
    "1.10-latest": "12.18.0.2000",
    "1.10.2-latest": "12.18.3.2511",
    "1.10.2-recommended": "12.18.3.2511",
    "1.11-latest": "13.19.1.2199",
    "1.11-recommended": "13.19.1.2189",
    "1.11.2-latest": "13.20.1.2588",
    "1.11.2-recommended": "13.20.1.2588",
    "1.12-latest": "14.21.1.2443",
    "1.12-recommended": "14.21.1.2387",
    "1.12.1-latest": "14.22.1.2485",
    "1.12.1-recommended": "14.22.1.2478",
    "1.12.2-latest": "14.23.5.2860",
    "1.12.2-recommended": "14.23.5.2859",
    "1.13.2-latest": "25.0.223",
    "1.14.2-latest": "26.0.63",
    "1.14.3-latest": "27.0.60",
    "1.14.4-latest": "28.2.26",
    "1.14.4-recommended": "28.2.26",
    "1.15-latest": "29.0.4",
    "1.15.1-latest": "30.0.51",
    "1.15.2-latest": "31.2.57",
    "1.15.2-recommended": "31.2.57",
    "1.16.1-latest": "32.0.108",
    "1.16.2-latest": "33.0.61",
    "1.16.3-latest": "34.1.42",
    "1.16.3-recommended": "34.1.0",
    "1.16.4-latest": "35.1.37",
    "1.16.4-recommended": "35.1.4",
    "1.16.5-latest": "36.2.42",
    "1.16.5-recommended": "36.2.34",
    "1.17.1-latest": "37.1.1",
    "1.17.1-recommended": "37.1.1",
    "1.18-latest": "38.0.17",
    "1.18.1-latest": "39.1.2",
    "1.18.1-recommended": "39.1.0",
    "1.18.2-recommended": "40.3.0",
    "1.18.2-latest": "40.3.10",
    "1.19-latest": "41.1.0",
    "1.19-recommended": "41.1.0",
    "1.19.1-latest": "42.0.9",
    "1.19.2-recommended": "43.5.0",
    "1.19.2-latest": "43.5.0",
    "1.19.3-latest": "44.1.23",
    "1.19.3-recommended": "44.1.0",
    "1.19.4-recommended": "45.4.0",
    "1.19.4-latest": "45.4.0",
    "1.20-latest": "46.0.14",
    "1.20.1-recommended": "47.4.0",
    "1.20.1-latest": "47.4.3",
    "1.20.2-latest": "48.1.0",
    "1.20.2-recommended": "48.1.0",
    "1.20.3-latest": "49.0.2",
    "1.20.4-latest": "49.2.0",
    "1.20.4-recommended": "49.2.0",
    "1.20.6-latest": "50.2.0",
    "1.20.6-recommended": "50.2.0",
    "1.21-latest": "51.0.33",
    "1.21.1-latest": "52.1.1",
    "1.21.1-recommended": "52.1.0",
    "1.21.3-latest": "53.1.1",
    "1.21.3-recommended": "53.1.0",
    "1.21.4-latest": "54.1.3",
    "1.21.4-recommended": "54.1.0",
    "1.21.5-latest": "55.0.23",
    "1.21.6-latest": "56.0.9",
    "1.21.7-latest": "57.0.2"
  }
}
[07Jul2025 02:41:19.272] [Forge Version Check/INFO] [net.minecraftforge.fml.VersionChecker/]: [forge] Found status: OUTDATED Current: 49.1.4 Target: 49.2.0
[07Jul2025 02:41:21.823] [main/INFO] [com.mojang.authlib.yggdrasil.YggdrasilAuthenticationService/]: Environment: Environment[sessionHost=https://sessionserver.mojang.com, servicesHost=https://api.minecraftservices.com, name=PROD]
[07Jul2025 02:41:23.242] [main/DEBUG] [net.minecraftforge.resource.ResourcePackLoader/CORE]: Generating PackInfo named mod:forge for mod file /workspaces/literate-octo-sniffle/servidor_minecraft/libraries/net/minecraftforge/forge/1.20.4-49.1.4/forge-1.20.4-49.1.4-universal.jar
[07Jul2025 02:41:25.024] [main/DEBUG] [net.minecraftforge.coremod.transformer.CoreModBaseTransformer/COREMOD]: Transforming net/minecraft/server/commands/SummonCommand
[07Jul2025 02:41:25.709] [Worker-Main-1/DEBUG] [net.minecraftforge.coremod.transformer.CoreModBaseTransformer/COREMOD]: Transforming net/minecraft/world/entity/raid/Raid
[07Jul2025 02:41:26.667] [main/INFO] [net.minecraft.world.item.crafting.RecipeManager/]: Loaded 7 recipes
[07Jul2025 02:41:27.349] [main/INFO] [net.minecraft.advancements.AdvancementTree/]: Loaded 1271 advancements
[07Jul2025 02:41:28.152] [main/DEBUG] [net.minecraftforge.common.ForgeHooks/WP]: Gathering id map for writing to world save world
[07Jul2025 02:41:28.175] [main/DEBUG] [net.minecraftforge.common.ForgeHooks/WP]: ID Map collection complete world
[07Jul2025 02:41:28.280] [Server thread/INFO] [net.minecraft.server.dedicated.DedicatedServer/]: Starting minecraft server version 1.20.4
[07Jul2025 02:41:28.284] [Server thread/INFO] [net.minecraft.server.dedicated.DedicatedServer/]: Loading properties
[07Jul2025 02:41:28.286] [Server thread/INFO] [net.minecraft.server.dedicated.DedicatedServer/]: Default game type: SURVIVAL
[07Jul2025 02:41:28.286] [Server thread/INFO] [net.minecraft.server.MinecraftServer/]: Generating keypair
[07Jul2025 02:41:28.636] [Server thread/INFO] [net.minecraft.server.dedicated.DedicatedServer/]: Starting Minecraft server on *:25565
[07Jul2025 02:41:28.644] [Server thread/DEBUG] [net.minecraftforge.network.DualStackUtils/]: Detected IPv6 address: "0:0:0:0:0:0:0:0"
[07Jul2025 02:41:28.667] [Server thread/DEBUG] [io.netty.util.internal.NativeLibraryLoader/]: -Dio.netty.native.workdir: /tmp (io.netty.tmpdir)
[07Jul2025 02:41:28.668] [Server thread/DEBUG] [io.netty.util.internal.NativeLibraryLoader/]: -Dio.netty.native.deleteLibAfterLoading: true
[07Jul2025 02:41:28.668] [Server thread/DEBUG] [io.netty.util.internal.NativeLibraryLoader/]: -Dio.netty.native.tryPatchShadedId: true
[07Jul2025 02:41:28.669] [Server thread/DEBUG] [io.netty.util.internal.NativeLibraryLoader/]: -Dio.netty.native.detectNativeLibraryDuplicates: true
[07Jul2025 02:41:28.713] [Server thread/DEBUG] [io.netty.util.internal.NativeLibraryLoader/]: Successfully loaded the library /tmp/libnetty_transport_native_epoll_x86_6417704222384305262079.so
[07Jul2025 02:41:28.721] [Server thread/DEBUG] [io.netty.util.NetUtil/]: -Djava.net.preferIPv4Stack: false
[07Jul2025 02:41:28.723] [Server thread/DEBUG] [io.netty.util.NetUtil/]: -Djava.net.preferIPv6Addresses: true
[07Jul2025 02:41:28.728] [Server thread/DEBUG] [io.netty.util.NetUtilInitializations/]: Loopback interface: lo (lo, 0:0:0:0:0:0:0:1%lo)
[07Jul2025 02:41:28.730] [Server thread/DEBUG] [io.netty.util.NetUtil/]: /proc/sys/net/core/somaxconn: 4096
[07Jul2025 02:41:28.751] [Server thread/DEBUG] [io.netty.channel.MultithreadEventLoopGroup/]: -Dio.netty.eventLoopThreads: 4
[07Jul2025 02:41:28.761] [Server thread/DEBUG] [io.netty.util.concurrent.GlobalEventExecutor/]: -Dio.netty.globalEventExecutor.quietPeriodSeconds: 1
[07Jul2025 02:41:28.773] [Server thread/DEBUG] [io.netty.util.internal.InternalThreadLocalMap/]: -Dio.netty.threadLocalMap.stringBuilder.initialSize: 1024
[07Jul2025 02:41:28.773] [Server thread/DEBUG] [io.netty.util.internal.InternalThreadLocalMap/]: -Dio.netty.threadLocalMap.stringBuilder.maxSize: 4096
[07Jul2025 02:41:28.791] [Server thread/DEBUG] [io.netty.util.internal.PlatformDependent/]: org.jctools-core.MpscChunkedArrayQueue: available
[07Jul2025 02:41:28.802] [Server thread/INFO] [net.minecraft.server.network.ServerConnectionListener/]: Using epoll channel type
[07Jul2025 02:41:28.829] [Server thread/DEBUG] [io.netty.channel.DefaultChannelId/]: -Dio.netty.processId: 3570 (auto-detected)
[07Jul2025 02:41:28.830] [Server thread/DEBUG] [io.netty.channel.DefaultChannelId/]: -Dio.netty.machineId: 60:45:bd:ff:fe:c7:34:24 (auto-detected)
[07Jul2025 02:41:28.869] [Server thread/DEBUG] [io.netty.buffer.PooledByteBufAllocator/]: -Dio.netty.allocator.numHeapArenas: 4
[07Jul2025 02:41:28.870] [Server thread/DEBUG] [io.netty.buffer.PooledByteBufAllocator/]: -Dio.netty.allocator.numDirectArenas: 4
[07Jul2025 02:41:28.870] [Server thread/DEBUG] [io.netty.buffer.PooledByteBufAllocator/]: -Dio.netty.allocator.pageSize: 8192
[07Jul2025 02:41:28.870] [Server thread/DEBUG] [io.netty.buffer.PooledByteBufAllocator/]: -Dio.netty.allocator.maxOrder: 9
[07Jul2025 02:41:28.870] [Server thread/DEBUG] [io.netty.buffer.PooledByteBufAllocator/]: -Dio.netty.allocator.chunkSize: 4194304
[07Jul2025 02:41:28.870] [Server thread/DEBUG] [io.netty.buffer.PooledByteBufAllocator/]: -Dio.netty.allocator.smallCacheSize: 256
[07Jul2025 02:41:28.870] [Server thread/DEBUG] [io.netty.buffer.PooledByteBufAllocator/]: -Dio.netty.allocator.normalCacheSize: 64
[07Jul2025 02:41:28.870] [Server thread/DEBUG] [io.netty.buffer.PooledByteBufAllocator/]: -Dio.netty.allocator.maxCachedBufferCapacity: 32768
[07Jul2025 02:41:28.870] [Server thread/DEBUG] [io.netty.buffer.PooledByteBufAllocator/]: -Dio.netty.allocator.cacheTrimInterval: 8192
[07Jul2025 02:41:28.870] [Server thread/DEBUG] [io.netty.buffer.PooledByteBufAllocator/]: -Dio.netty.allocator.cacheTrimIntervalMillis: 0
[07Jul2025 02:41:28.871] [Server thread/DEBUG] [io.netty.buffer.PooledByteBufAllocator/]: -Dio.netty.allocator.useCacheForAllThreads: false
[07Jul2025 02:41:28.871] [Server thread/DEBUG] [io.netty.buffer.PooledByteBufAllocator/]: -Dio.netty.allocator.maxCachedByteBuffersPerChunk: 1023
[07Jul2025 02:41:28.884] [Server thread/DEBUG] [io.netty.buffer.ByteBufUtil/]: -Dio.netty.allocator.type: pooled
[07Jul2025 02:41:28.884] [Server thread/DEBUG] [io.netty.buffer.ByteBufUtil/]: -Dio.netty.threadLocalDirectBufferSize: 0
[07Jul2025 02:41:28.885] [Server thread/DEBUG] [io.netty.buffer.ByteBufUtil/]: -Dio.netty.maxThreadLocalCharBufferSize: 16384
[07Jul2025 02:41:28.898] [Server thread/WARN] [net.minecraft.server.dedicated.DedicatedServer/]: **** SERVER IS RUNNING IN OFFLINE/INSECURE MODE!
[07Jul2025 02:41:28.901] [Server thread/WARN] [net.minecraft.server.dedicated.DedicatedServer/]: The server will make no attempt to authenticate usernames. Beware.
[07Jul2025 02:41:28.902] [Server thread/WARN] [net.minecraft.server.dedicated.DedicatedServer/]: While this makes the game possible to play without internet access, it also opens up the ability for hackers to connect with any username they choose.
[07Jul2025 02:41:28.902] [Server thread/WARN] [net.minecraft.server.dedicated.DedicatedServer/]: To change this, set "online-mode" to "true" in the server.properties file.
[07Jul2025 02:41:28.921] [Server thread/DEBUG] [net.minecraftforge.fml.config.ConfigTracker/CONFIG]: Loading configs type SERVER
[07Jul2025 02:41:28.923] [Server thread/DEBUG] [net.minecraftforge.fml.config.ConfigFileTypeHandler/CONFIG]: Built TOML config for ./world/serverconfig/forge-server.toml
[07Jul2025 02:41:28.925] [Server thread/DEBUG] [net.minecraftforge.fml.config.ConfigFileTypeHandler/CONFIG]: Loaded TOML config file ./world/serverconfig/forge-server.toml
[07Jul2025 02:41:28.935] [Server thread/DEBUG] [net.minecraftforge.fml.config.ConfigFileTypeHandler/CONFIG]: Watching TOML config file ./world/serverconfig/forge-server.toml for changes
[07Jul2025 02:41:28.944] [Server thread/DEBUG] [net.minecraftforge.common.ForgeConfig/FORGEMOD]: Loaded forge config file forge-server.toml
[07Jul2025 02:41:28.945] [Thread-2/DEBUG] [net.minecraftforge.fml.config.ConfigFileTypeHandler/CONFIG]: Config file forge-server.toml changed, sending notifies
[07Jul2025 02:41:28.946] [Thread-2/DEBUG] [net.minecraftforge.common.ForgeConfig/FORGEMOD]: Forge config just got changed on the file system!
[07Jul2025 02:41:28.949] [Thread-2/DEBUG] [net.minecraftforge.fml.config.ConfigFileTypeHandler/CONFIG]: Config file forge-server.toml changed, sending notifies
[07Jul2025 02:41:28.949] [Thread-2/DEBUG] [net.minecraftforge.common.ForgeConfig/FORGEMOD]: Forge config just got changed on the file system!
[07Jul2025 02:41:29.036] [Server thread/INFO] [net.minecraft.server.dedicated.DedicatedServer/]: Preparing level "world"
[07Jul2025 02:41:29.066] [Server thread/DEBUG] [net.minecraftforge.coremod.transformer.CoreModBaseTransformer/COREMOD]: Transforming net/minecraft/world/level/levelgen/PhantomSpawner
[07Jul2025 02:41:29.078] [Server thread/DEBUG] [net.minecraftforge.coremod.transformer.CoreModBaseTransformer/COREMOD]: Transforming net/minecraft/world/level/levelgen/PatrolSpawner
[07Jul2025 02:41:29.087] [Server thread/DEBUG] [net.minecraftforge.coremod.transformer.CoreModBaseTransformer/COREMOD]: Transforming net/minecraft/world/entity/npc/CatSpawner
[07Jul2025 02:41:29.097] [Server thread/DEBUG] [net.minecraftforge.coremod.transformer.CoreModBaseTransformer/COREMOD]: Transforming net/minecraft/world/entity/ai/village/VillageSiege
[07Jul2025 02:41:43.568] [Server thread/INFO] [net.minecraft.server.MinecraftServer/]: Preparing start region for dimension minecraft:overworld
[07Jul2025 02:41:48.443] [Worker-Main-1/INFO] [net.minecraft.server.level.progress.LoggerChunkProgressListener/]: Preparing spawn area: 0%
[07Jul2025 02:41:48.508] [Worker-Main-1/INFO] [net.minecraft.server.level.progress.LoggerChunkProgressListener/]: Preparing spawn area: 0%
[07Jul2025 02:41:48.511] [Worker-Main-1/INFO] [net.minecraft.server.level.progress.LoggerChunkProgressListener/]: Preparing spawn area: 0%
[07Jul2025 02:41:48.518] [Worker-Main-1/INFO] [net.minecraft.server.level.progress.LoggerChunkProgressListener/]: Preparing spawn area: 0%
[07Jul2025 02:41:48.813] [Worker-Main-1/INFO] [net.minecraft.server.level.progress.LoggerChunkProgressListener/]: Preparing spawn area: 0%
[07Jul2025 02:41:48.899] [Worker-Main-1/INFO] [net.minecraft.server.level.progress.LoggerChunkProgressListener/]: Preparing spawn area: 0%
[07Jul2025 02:41:48.957] [Worker-Main-1/INFO] [net.minecraft.server.level.progress.LoggerChunkProgressListener/]: Preparing spawn area: 0%
[07Jul2025 02:41:49.027] [Worker-Main-1/INFO] [net.minecraft.server.level.progress.LoggerChunkProgressListener/]: Preparing spawn area: 0%
[07Jul2025 02:41:49.188] [Worker-Main-1/INFO] [net.minecraft.server.level.progress.LoggerChunkProgressListener/]: Preparing spawn area: 0%
[07Jul2025 02:41:49.225] [Worker-Main-1/INFO] [net.minecraft.server.level.progress.LoggerChunkProgressListener/]: Preparing spawn area: 0%
[07Jul2025 02:41:49.276] [Worker-Main-1/INFO] [net.minecraft.server.level.progress.LoggerChunkProgressListener/]: Preparing spawn area: 0%
[07Jul2025 02:41:49.288] [Worker-Main-1/INFO] [net.minecraft.server.level.progress.LoggerChunkProgressListener/]: Preparing spawn area: 0%
[07Jul2025 02:41:49.701] [Worker-Main-1/INFO] [net.minecraft.server.level.progress.LoggerChunkProgressListener/]: Preparing spawn area: 0%
[07Jul2025 02:41:51.393] [Worker-Main-1/INFO] [net.minecraft.server.level.progress.LoggerChunkProgressListener/]: Preparing spawn area: 0%
[07Jul2025 02:41:51.430] [Worker-Main-1/INFO] [net.minecraft.server.level.progress.LoggerChunkProgressListener/]: Preparing spawn area: 0%
[07Jul2025 02:41:51.455] [Worker-Main-1/INFO] [net.minecraft.server.level.progress.LoggerChunkProgressListener/]: Preparing spawn area: 0%
[07Jul2025 02:41:51.683] [Server thread/DEBUG] [net.minecraftforge.coremod.transformer.CoreModBaseTransformer/COREMOD]: Transforming net/minecraft/world/level/levelgen/structure/templatesystem/StructureTemplate
[07Jul2025 02:41:51.928] [Worker-Main-1/INFO] [net.minecraft.server.level.progress.LoggerChunkProgressListener/]: Preparing spawn area: 0%
[07Jul2025 02:41:52.074] [Worker-Main-1/INFO] [net.minecraft.server.level.progress.LoggerChunkProgressListener/]: Preparing spawn area: 0%
[07Jul2025 02:41:52.582] [Worker-Main-1/INFO] [net.minecraft.server.level.progress.LoggerChunkProgressListener/]: Preparing spawn area: 0%
[07Jul2025 02:41:53.072] [Worker-Main-1/INFO] [net.minecraft.server.level.progress.LoggerChunkProgressListener/]: Preparing spawn area: 0%
[07Jul2025 02:41:53.584] [Worker-Main-1/INFO] [net.minecraft.server.level.progress.LoggerChunkProgressListener/]: Preparing spawn area: 0%
[07Jul2025 02:41:54.082] [Worker-Main-1/INFO] [net.minecraft.server.level.progress.LoggerChunkProgressListener/]: Preparing spawn area: 0%
[07Jul2025 02:41:54.574] [Worker-Main-1/INFO] [net.minecraft.server.level.progress.LoggerChunkProgressListener/]: Preparing spawn area: 0%
[07Jul2025 02:41:55.173] [Worker-Main-1/INFO] [net.minecraft.server.level.progress.LoggerChunkProgressListener/]: Preparing spawn area: 0%
[07Jul2025 02:41:55.594] [Worker-Main-1/INFO] [net.minecraft.server.level.progress.LoggerChunkProgressListener/]: Preparing spawn area: 0%
[07Jul2025 02:41:56.076] [Worker-Main-1/INFO] [net.minecraft.server.level.progress.LoggerChunkProgressListener/]: Preparing spawn area: 0%
[07Jul2025 02:41:56.601] [Worker-Main-1/INFO] [net.minecraft.server.level.progress.LoggerChunkProgressListener/]: Preparing spawn area: 0%
[07Jul2025 02:41:57.070] [Worker-Main-1/INFO] [net.minecraft.server.level.progress.LoggerChunkProgressListener/]: Preparing spawn area: 0%
[07Jul2025 02:41:57.570] [Worker-Main-1/INFO] [net.minecraft.server.level.progress.LoggerChunkProgressListener/]: Preparing spawn area: 0%
[07Jul2025 02:41:58.069] [Worker-Main-1/INFO] [net.minecraft.server.level.progress.LoggerChunkProgressListener/]: Preparing spawn area: 0%
[07Jul2025 02:41:58.603] [Worker-Main-1/INFO] [net.minecraft.server.level.progress.LoggerChunkProgressListener/]: Preparing spawn area: 0%
[07Jul2025 02:41:59.200] [Server thread/INFO] [net.minecraft.server.level.progress.LoggerChunkProgressListener/]: Time elapsed: 15631 ms
[07Jul2025 02:41:59.205] [Server thread/INFO] [net.minecraft.server.dedicated.DedicatedServer/]: Done (30.285s)! For help, type "help"
[07Jul2025 02:41:59.231] [Server thread/DEBUG] [net.minecraftforge.network.DualStackUtils/]: Detected IPv6 address: "0:0:0:0:0:0:0:0"
[07Jul2025 02:41:59.253] [Server thread/DEBUG] [net.minecraftforge.common.ForgeI18n/CORE]: Loading I18N data entries: 213
[07Jul2025 02:41:59.270] [Server thread/INFO] [net.minecraftforge.server.permission.PermissionAPI/]: Successfully initialized permission handler forge:default_handler
[07Jul2025 02:41:59.333] [Server thread/DEBUG] [io.netty.buffer.AbstractByteBuf/]: -Dio.netty.buffer.checkAccessible: true
[07Jul2025 02:41:59.334] [Server thread/DEBUG] [io.netty.buffer.AbstractByteBuf/]: -Dio.netty.buffer.checkBounds: true
[07Jul2025 02:41:59.334] [Server thread/DEBUG] [io.netty.util.ResourceLeakDetectorFactory/]: Loaded default ResourceLeakDetector: io.netty.util.ResourceLeakDetector@4a6e2eb5
[07Jul2025 02:41:59.395] [Server thread/DEBUG] [net.minecraftforge.coremod.transformer.CoreModBaseTransformer/COREMOD]: Transforming net/minecraft/world/level/NaturalSpawner
[07Jul2025 02:45:09.574] [Netty Epoll Server IO #1/DEBUG] [io.netty.util.Recycler/]: -Dio.netty.recycler.maxCapacityPerThread: 4096
[07Jul2025 02:45:09.574] [Netty Epoll Server IO #1/DEBUG] [io.netty.util.Recycler/]: -Dio.netty.recycler.ratio: 8
[07Jul2025 02:45:09.574] [Netty Epoll Server IO #1/DEBUG] [io.netty.util.Recycler/]: -Dio.netty.recycler.chunkSize: 32
[07Jul2025 02:45:09.574] [Netty Epoll Server IO #1/DEBUG] [io.netty.util.Recycler/]: -Dio.netty.recycler.blocking: false
[07Jul2025 02:45:09.574] [Netty Epoll Server IO #1/DEBUG] [io.netty.util.Recycler/]: -Dio.netty.recycler.batchFastThreadLocalOnly: true
[07Jul2025 02:45:28.423] [Netty Epoll Server IO #2/DEBUG] [net.minecraftforge.network.ForgePacketHandler/FORGE_PACKET_HANDLER]: Received client connection with modlist [forge, minecraft, xaerominimap, xaeroworldmap]
[07Jul2025 02:45:28.487] [Netty Epoll Server IO #2/DEBUG] [net.minecraftforge.network.ForgePacketHandler/FORGE_PACKET_HANDLER]: Received client connection with channels [forge:handshake, forge:login, forge:tier_sorting, minecraft:register, minecraft:unregister, xaerominimap:main, xaeroworldmap:main]
[07Jul2025 02:45:28.489] [Netty Epoll Server IO #2/DEBUG] [net.minecraftforge.network.NetworkRegistry/NETREGISTRY]: Channel 'forge:tier_sorting' : Version test of 'PRESENT 1' from client : ACCEPTED
[07Jul2025 02:45:28.490] [Netty Epoll Server IO #2/DEBUG] [net.minecraftforge.network.NetworkRegistry/NETREGISTRY]: Channel 'forge:handshake' : Version test of 'PRESENT 0' from client : ACCEPTED
[07Jul2025 02:45:28.490] [Netty Epoll Server IO #2/DEBUG] [net.minecraftforge.network.NetworkRegistry/NETREGISTRY]: Channel 'forge:login' : Version test of 'PRESENT 0' from client : ACCEPTED
[07Jul2025 02:45:28.490] [Netty Epoll Server IO #2/DEBUG] [net.minecraftforge.network.NetworkRegistry/NETREGISTRY]: Channel 'minecraft:unregister' : Version test of 'PRESENT 0' from client : ACCEPTED
[07Jul2025 02:45:28.491] [Netty Epoll Server IO #2/DEBUG] [net.minecraftforge.network.NetworkRegistry/NETREGISTRY]: Channel 'minecraft:register' : Version test of 'PRESENT 0' from client : ACCEPTED
[07Jul2025 02:45:28.491] [Netty Epoll Server IO #2/DEBUG] [net.minecraftforge.network.NetworkRegistry/NETREGISTRY]: Accepting channel list from client
[07Jul2025 02:45:28.594] [Netty Epoll Server IO #2/DEBUG] [net.minecraftforge.network.ForgePacketHandler/FORGE_PACKET_HANDLER]: Received acknowledgement 0 from client
[07Jul2025 02:45:28.661] [Netty Epoll Server IO #2/DEBUG] [net.minecraftforge.network.ForgePacketHandler/FORGE_PACKET_HANDLER]: Received acknowledgement 1 from client
[07Jul2025 02:45:28.717] [Netty Epoll Server IO #2/DEBUG] [net.minecraftforge.network.ForgePacketHandler/FORGE_PACKET_HANDLER]: Received acknowledgement 2 from client
[07Jul2025 02:45:28.808] [Netty Epoll Server IO #2/DEBUG] [net.minecraftforge.network.ForgePacketHandler/FORGE_PACKET_HANDLER]: Received acknowledgement 3 from client
[07Jul2025 02:45:28.864] [Netty Epoll Server IO #2/DEBUG] [net.minecraftforge.network.ForgePacketHandler/FORGE_PACKET_HANDLER]: Received acknowledgement 4 from client
[07Jul2025 02:45:28.919] [Netty Epoll Server IO #2/DEBUG] [net.minecraftforge.network.ForgePacketHandler/FORGE_PACKET_HANDLER]: Received acknowledgement 5 from client
[07Jul2025 02:45:28.984] [Netty Epoll Server IO #2/DEBUG] [net.minecraftforge.network.ForgePacketHandler/FORGE_PACKET_HANDLER]: Received acknowledgement 6 from client
[07Jul2025 02:45:29.040] [Netty Epoll Server IO #2/DEBUG] [net.minecraftforge.network.ForgePacketHandler/FORGE_PACKET_HANDLER]: Received acknowledgement 7 from client
[07Jul2025 02:45:29.093] [Netty Epoll Server IO #2/DEBUG] [net.minecraftforge.network.ForgePacketHandler/FORGE_PACKET_HANDLER]: Received acknowledgement 8 from client
[07Jul2025 02:45:29.150] [Netty Epoll Server IO #2/DEBUG] [net.minecraftforge.network.ForgePacketHandler/FORGE_PACKET_HANDLER]: Received acknowledgement 9 from client
[07Jul2025 02:45:29.205] [Netty Epoll Server IO #2/DEBUG] [net.minecraftforge.network.ForgePacketHandler/FORGE_PACKET_HANDLER]: Received acknowledgement 10 from client
[07Jul2025 02:45:29.260] [Netty Epoll Server IO #2/DEBUG] [net.minecraftforge.network.ForgePacketHandler/FORGE_PACKET_HANDLER]: Received acknowledgement 11 from client
[07Jul2025 02:45:29.322] [Netty Epoll Server IO #2/DEBUG] [net.minecraftforge.network.ForgePacketHandler/FORGE_PACKET_HANDLER]: Received acknowledgement 12 from client
[07Jul2025 02:45:29.377] [Netty Epoll Server IO #2/DEBUG] [net.minecraftforge.network.ForgePacketHandler/FORGE_PACKET_HANDLER]: Received acknowledgement 13 from client
[07Jul2025 02:45:29.431] [Netty Epoll Server IO #2/DEBUG] [net.minecraftforge.network.ForgePacketHandler/FORGE_PACKET_HANDLER]: Received acknowledgement 14 from client
[07Jul2025 02:45:29.484] [Netty Epoll Server IO #2/DEBUG] [net.minecraftforge.network.ForgePacketHandler/FORGE_PACKET_HANDLER]: Received acknowledgement 15 from client
[07Jul2025 02:45:29.543] [Netty Epoll Server IO #2/DEBUG] [net.minecraftforge.network.ForgePacketHandler/FORGE_PACKET_HANDLER]: Received acknowledgement 16 from client
[07Jul2025 02:45:29.598] [Netty Epoll Server IO #2/DEBUG] [net.minecraftforge.network.ForgePacketHandler/FORGE_PACKET_HANDLER]: Received acknowledgement 17 from client
[07Jul2025 02:45:29.652] [Netty Epoll Server IO #2/DEBUG] [net.minecraftforge.network.ForgePacketHandler/FORGE_PACKET_HANDLER]: Received acknowledgement 18 from client
[07Jul2025 02:45:30.010] [Netty Epoll Server IO #2/DEBUG] [net.minecraftforge.network.ForgePacketHandler/FORGE_PACKET_HANDLER]: Received acknowledgement 19 from client
[07Jul2025 02:45:30.338] [Server thread/INFO] [net.minecraft.server.players.PlayerList/]: Tenshi_145[/172.25.212.176:51271] logged in with entity id 75 at (673.5308219975353, 66.0, 1244.3778404187485)
[07Jul2025 02:45:30.384] [Server thread/INFO] [net.minecraft.server.MinecraftServer/]: Tenshi_145 joined the game
[07Jul2025 02:45:32.839] [Server thread/WARN] [net.minecraft.server.MinecraftServer/]: Can't keep up! Is the server overloaded? Running 2564ms or 51 ticks behind
[07Jul2025 02:45:33.499] [Server thread/DEBUG] [io.netty.util.internal.ThreadLocalRandom/]: -Dio.netty.initialSeedUniquifier: 0x538c7388a565007c
[07Jul2025 02:47:01.942] [Server thread/DEBUG] [net.minecraftforge.common.ForgeHooks/WP]: Gathering id map for writing to world save world
[07Jul2025 02:47:01.962] [Server thread/DEBUG] [net.minecraftforge.common.ForgeHooks/WP]: ID Map collection complete world
[07Jul2025 02:52:01.894] [Server thread/DEBUG] [net.minecraftforge.common.ForgeHooks/WP]: Gathering id map for writing to world save world
[07Jul2025 02:52:01.910] [Server thread/DEBUG] [net.minecraftforge.common.ForgeHooks/WP]: ID Map collection complete world
[07Jul2025 02:57:01.852] [Server thread/DEBUG] [net.minecraftforge.common.ForgeHooks/WP]: Gathering id map for writing to world save world
[07Jul2025 02:57:01.890] [Server thread/DEBUG] [net.minecraftforge.common.ForgeHooks/WP]: ID Map collection complete world
[07Jul2025 02:58:16.241] [Netty Epoll Server IO #3/DEBUG] [net.minecraftforge.network.ForgePacketHandler/FORGE_PACKET_HANDLER]: Received client connection with modlist [forge, minecraft, tlskincape, xaerominimap, xaeroworldmap]
[07Jul2025 02:58:16.274] [Netty Epoll Server IO #3/DEBUG] [net.minecraftforge.network.ForgePacketHandler/FORGE_PACKET_HANDLER]: Received client connection with channels [forge:handshake, forge:login, forge:tier_sorting, minecraft:register, minecraft:unregister, xaerominimap:main, xaeroworldmap:main]
[07Jul2025 02:58:16.274] [Netty Epoll Server IO #3/DEBUG] [net.minecraftforge.network.NetworkRegistry/NETREGISTRY]: Channel 'forge:tier_sorting' : Version test of 'PRESENT 1' from client : ACCEPTED
[07Jul2025 02:58:16.274] [Netty Epoll Server IO #3/DEBUG] [net.minecraftforge.network.NetworkRegistry/NETREGISTRY]: Channel 'forge:handshake' : Version test of 'PRESENT 0' from client : ACCEPTED
[07Jul2025 02:58:16.276] [Netty Epoll Server IO #3/DEBUG] [net.minecraftforge.network.NetworkRegistry/NETREGISTRY]: Channel 'forge:login' : Version test of 'PRESENT 0' from client : ACCEPTED
[07Jul2025 02:58:16.276] [Netty Epoll Server IO #3/DEBUG] [net.minecraftforge.network.NetworkRegistry/NETREGISTRY]: Channel 'minecraft:unregister' : Version test of 'PRESENT 0' from client : ACCEPTED
[07Jul2025 02:58:16.277] [Netty Epoll Server IO #3/DEBUG] [net.minecraftforge.network.NetworkRegistry/NETREGISTRY]: Channel 'minecraft:register' : Version test of 'PRESENT 0' from client : ACCEPTED
[07Jul2025 02:58:16.277] [Netty Epoll Server IO #3/DEBUG] [net.minecraftforge.network.NetworkRegistry/NETREGISTRY]: Accepting channel list from client
[07Jul2025 02:58:16.308] [Netty Epoll Server IO #3/DEBUG] [net.minecraftforge.network.ForgePacketHandler/FORGE_PACKET_HANDLER]: Received acknowledgement 0 from client
[07Jul2025 02:58:16.336] [Netty Epoll Server IO #3/DEBUG] [net.minecraftforge.network.ForgePacketHandler/FORGE_PACKET_HANDLER]: Received acknowledgement 1 from client
[07Jul2025 02:58:16.357] [Netty Epoll Server IO #3/DEBUG] [net.minecraftforge.network.ForgePacketHandler/FORGE_PACKET_HANDLER]: Received acknowledgement 2 from client
[07Jul2025 02:58:16.388] [Netty Epoll Server IO #3/DEBUG] [net.minecraftforge.network.ForgePacketHandler/FORGE_PACKET_HANDLER]: Received acknowledgement 3 from client
[07Jul2025 02:58:16.407] [Netty Epoll Server IO #3/DEBUG] [net.minecraftforge.network.ForgePacketHandler/FORGE_PACKET_HANDLER]: Received acknowledgement 4 from client
[07Jul2025 02:58:16.427] [Netty Epoll Server IO #3/DEBUG] [net.minecraftforge.network.ForgePacketHandler/FORGE_PACKET_HANDLER]: Received acknowledgement 5 from client
[07Jul2025 02:58:16.462] [Netty Epoll Server IO #3/DEBUG] [net.minecraftforge.network.ForgePacketHandler/FORGE_PACKET_HANDLER]: Received acknowledgement 6 from client
[07Jul2025 02:58:16.483] [Netty Epoll Server IO #3/DEBUG] [net.minecraftforge.network.ForgePacketHandler/FORGE_PACKET_HANDLER]: Received acknowledgement 7 from client
[07Jul2025 02:58:16.502] [Netty Epoll Server IO #3/DEBUG] [net.minecraftforge.network.ForgePacketHandler/FORGE_PACKET_HANDLER]: Received acknowledgement 8 from client
[07Jul2025 02:58:16.522] [Netty Epoll Server IO #3/DEBUG] [net.minecraftforge.network.ForgePacketHandler/FORGE_PACKET_HANDLER]: Received acknowledgement 9 from client
[07Jul2025 02:58:16.541] [Netty Epoll Server IO #3/DEBUG] [net.minecraftforge.network.ForgePacketHandler/FORGE_PACKET_HANDLER]: Received acknowledgement 10 from client
[07Jul2025 02:58:16.560] [Netty Epoll Server IO #3/DEBUG] [net.minecraftforge.network.ForgePacketHandler/FORGE_PACKET_HANDLER]: Received acknowledgement 11 from client
[07Jul2025 02:58:16.585] [Netty Epoll Server IO #3/DEBUG] [net.minecraftforge.network.ForgePacketHandler/FORGE_PACKET_HANDLER]: Received acknowledgement 12 from client
[07Jul2025 02:58:16.607] [Netty Epoll Server IO #3/DEBUG] [net.minecraftforge.network.ForgePacketHandler/FORGE_PACKET_HANDLER]: Received acknowledgement 13 from client
[07Jul2025 02:58:16.626] [Netty Epoll Server IO #3/DEBUG] [net.minecraftforge.network.ForgePacketHandler/FORGE_PACKET_HANDLER]: Received acknowledgement 14 from client
[07Jul2025 02:58:16.647] [Netty Epoll Server IO #3/DEBUG] [net.minecraftforge.network.ForgePacketHandler/FORGE_PACKET_HANDLER]: Received acknowledgement 15 from client
[07Jul2025 02:58:16.668] [Netty Epoll Server IO #3/DEBUG] [net.minecraftforge.network.ForgePacketHandler/FORGE_PACKET_HANDLER]: Received acknowledgement 16 from client
[07Jul2025 02:58:16.689] [Netty Epoll Server IO #3/DEBUG] [net.minecraftforge.network.ForgePacketHandler/FORGE_PACKET_HANDLER]: Received acknowledgement 17 from client
[07Jul2025 02:58:16.707] [Netty Epoll Server IO #3/DEBUG] [net.minecraftforge.network.ForgePacketHandler/FORGE_PACKET_HANDLER]: Received acknowledgement 18 from client
[07Jul2025 02:58:17.007] [Netty Epoll Server IO #3/DEBUG] [net.minecraftforge.network.ForgePacketHandler/FORGE_PACKET_HANDLER]: Received acknowledgement 19 from client
[07Jul2025 02:58:17.335] [Server thread/INFO] [net.minecraft.server.players.PlayerList/]: xsep123[/172.25.43.2:53453] logged in with entity id 2718 at (-870.0981119780108, 67.0, 2009.699999988079)
[07Jul2025 02:58:17.357] [Server thread/INFO] [net.minecraft.server.MinecraftServer/]: xsep123 joined the game
[07Jul2025 02:58:19.217] [Server thread/WARN] [net.minecraft.server.MinecraftServer/]: Can't keep up! Is the server overloaded? Running 2042ms or 40 ticks behind
[07Jul2025 02:58:52.568] [Server thread/INFO] [net.minecraft.server.MinecraftServer/]: [Not Secure] <Tenshi_145> Hola kevin
[07Jul2025 02:58:59.163] [Server thread/INFO] [net.minecraft.server.MinecraftServer/]: [Not Secure] <xsep123> Hola tonto
[07Jul2025 03:00:08.046] [Server thread/DEBUG] [net.minecraftforge.coremod.transformer.CoreModBaseTransformer/COREMOD]: Transforming net/minecraft/world/level/Explosion
[07Jul2025 03:00:08.160] [Server thread/DEBUG] [net.minecraftforge.coremod.transformer.CoreModBaseTransformer/COREMOD]: Transforming net/minecraft/world/level/Explosion
[07Jul2025 03:02:04.376] [Server thread/DEBUG] [net.minecraftforge.common.ForgeHooks/WP]: Gathering id map for writing to world save world
[07Jul2025 03:02:04.533] [Server thread/DEBUG] [net.minecraftforge.common.ForgeHooks/WP]: ID Map collection complete world
[07Jul2025 03:04:11.399] [Netty Epoll Server IO #1/DEBUG] [net.minecraftforge.network.ForgePacketHandler/FORGE_PACKET_HANDLER]: Received client connection with modlist [forge, minecraft, xaerominimap, xaeroworldmap]
[07Jul2025 03:04:11.440] [Netty Epoll Server IO #1/DEBUG] [net.minecraftforge.network.ForgePacketHandler/FORGE_PACKET_HANDLER]: Received client connection with channels [forge:handshake, forge:login, forge:tier_sorting, minecraft:register, minecraft:unregister, xaerominimap:main, xaeroworldmap:main]
[07Jul2025 03:04:11.442] [Netty Epoll Server IO #1/DEBUG] [net.minecraftforge.network.NetworkRegistry/NETREGISTRY]: Channel 'forge:tier_sorting' : Version test of 'PRESENT 1' from client : ACCEPTED
[07Jul2025 03:04:11.443] [Netty Epoll Server IO #1/DEBUG] [net.minecraftforge.network.NetworkRegistry/NETREGISTRY]: Channel 'forge:handshake' : Version test of 'PRESENT 0' from client : ACCEPTED
[07Jul2025 03:04:11.444] [Netty Epoll Server IO #1/DEBUG] [net.minecraftforge.network.NetworkRegistry/NETREGISTRY]: Channel 'forge:login' : Version test of 'PRESENT 0' from client : ACCEPTED
[07Jul2025 03:04:11.444] [Netty Epoll Server IO #1/DEBUG] [net.minecraftforge.network.NetworkRegistry/NETREGISTRY]: Channel 'minecraft:unregister' : Version test of 'PRESENT 0' from client : ACCEPTED
[07Jul2025 03:04:11.444] [Netty Epoll Server IO #1/DEBUG] [net.minecraftforge.network.NetworkRegistry/NETREGISTRY]: Channel 'minecraft:register' : Version test of 'PRESENT 0' from client : ACCEPTED
[07Jul2025 03:04:11.444] [Netty Epoll Server IO #1/DEBUG] [net.minecraftforge.network.NetworkRegistry/NETREGISTRY]: Accepting channel list from client
[07Jul2025 03:04:11.474] [Netty Epoll Server IO #1/DEBUG] [net.minecraftforge.network.ForgePacketHandler/FORGE_PACKET_HANDLER]: Received acknowledgement 0 from client
[07Jul2025 03:04:11.497] [Netty Epoll Server IO #1/DEBUG] [net.minecraftforge.network.ForgePacketHandler/FORGE_PACKET_HANDLER]: Received acknowledgement 1 from client
[07Jul2025 03:04:11.514] [Netty Epoll Server IO #1/DEBUG] [net.minecraftforge.network.ForgePacketHandler/FORGE_PACKET_HANDLER]: Received acknowledgement 2 from client
[07Jul2025 03:04:11.557] [Netty Epoll Server IO #1/DEBUG] [net.minecraftforge.network.ForgePacketHandler/FORGE_PACKET_HANDLER]: Received acknowledgement 3 from client
[07Jul2025 03:04:11.577] [Netty Epoll Server IO #1/DEBUG] [net.minecraftforge.network.ForgePacketHandler/FORGE_PACKET_HANDLER]: Received acknowledgement 4 from client
[07Jul2025 03:04:11.596] [Netty Epoll Server IO #1/DEBUG] [net.minecraftforge.network.ForgePacketHandler/FORGE_PACKET_HANDLER]: Received acknowledgement 5 from client
[07Jul2025 03:04:11.625] [Netty Epoll Server IO #1/DEBUG] [net.minecraftforge.network.ForgePacketHandler/FORGE_PACKET_HANDLER]: Received acknowledgement 6 from client
[07Jul2025 03:04:11.641] [Netty Epoll Server IO #1/DEBUG] [net.minecraftforge.network.ForgePacketHandler/FORGE_PACKET_HANDLER]: Received acknowledgement 7 from client
[07Jul2025 03:04:11.660] [Netty Epoll Server IO #1/DEBUG] [net.minecraftforge.network.ForgePacketHandler/FORGE_PACKET_HANDLER]: Received acknowledgement 8 from client
[07Jul2025 03:04:11.677] [Netty Epoll Server IO #1/DEBUG] [net.minecraftforge.network.ForgePacketHandler/FORGE_PACKET_HANDLER]: Received acknowledgement 9 from client
[07Jul2025 03:04:11.695] [Netty Epoll Server IO #1/DEBUG] [net.minecraftforge.network.ForgePacketHandler/FORGE_PACKET_HANDLER]: Received acknowledgement 10 from client
[07Jul2025 03:04:11.716] [Netty Epoll Server IO #1/DEBUG] [net.minecraftforge.network.ForgePacketHandler/FORGE_PACKET_HANDLER]: Received acknowledgement 11 from client
[07Jul2025 03:04:11.749] [Netty Epoll Server IO #1/DEBUG] [net.minecraftforge.network.ForgePacketHandler/FORGE_PACKET_HANDLER]: Received acknowledgement 12 from client
[07Jul2025 03:04:11.766] [Netty Epoll Server IO #1/DEBUG] [net.minecraftforge.network.ForgePacketHandler/FORGE_PACKET_HANDLER]: Received acknowledgement 13 from client
[07Jul2025 03:04:11.783] [Netty Epoll Server IO #1/DEBUG] [net.minecraftforge.network.ForgePacketHandler/FORGE_PACKET_HANDLER]: Received acknowledgement 14 from client
[07Jul2025 03:04:11.803] [Netty Epoll Server IO #1/DEBUG] [net.minecraftforge.network.ForgePacketHandler/FORGE_PACKET_HANDLER]: Received acknowledgement 15 from client
[07Jul2025 03:04:11.819] [Netty Epoll Server IO #1/DEBUG] [net.minecraftforge.network.ForgePacketHandler/FORGE_PACKET_HANDLER]: Received acknowledgement 16 from client
[07Jul2025 03:04:11.836] [Netty Epoll Server IO #1/DEBUG] [net.minecraftforge.network.ForgePacketHandler/FORGE_PACKET_HANDLER]: Received acknowledgement 17 from client
[07Jul2025 03:04:11.852] [Netty Epoll Server IO #1/DEBUG] [net.minecraftforge.network.ForgePacketHandler/FORGE_PACKET_HANDLER]: Received acknowledgement 18 from client
[07Jul2025 03:04:12.628] [Netty Epoll Server IO #1/DEBUG] [net.minecraftforge.network.ForgePacketHandler/FORGE_PACKET_HANDLER]: Received acknowledgement 19 from client
[07Jul2025 03:04:13.149] [Server thread/INFO] [net.minecraft.server.players.PlayerList/]: Gorextreme2[/172.25.48.53:50116] logged in with entity id 5979 at (-866.196797317747, 66.0, 2015.1883515789525)
[07Jul2025 03:04:13.180] [Server thread/INFO] [net.minecraft.server.MinecraftServer/]: Gorextreme2 joined the game
[07Jul2025 03:04:17.772] [Server thread/WARN] [net.minecraft.server.MinecraftServer/]: Can't keep up! Is the server overloaded? Running 4897ms or 97 ticks behind
[07Jul2025 03:04:35.325] [Server thread/WARN] [net.minecraft.server.MinecraftServer/]: Can't keep up! Is the server overloaded? Running 2600ms or 52 ticks behind
[07Jul2025 03:04:58.629] [Server thread/WARN] [net.minecraft.server.MinecraftServer/]: Can't keep up! Is the server overloaded? Running 8304ms or 166 ticks behind
[07Jul2025 03:05:16.806] [Server thread/WARN] [net.minecraft.server.MinecraftServer/]: Can't keep up! Is the server overloaded? Running 3181ms or 63 ticks behind
[07Jul2025 03:05:39.227] [Server thread/WARN] [net.minecraft.server.MinecraftServer/]: Can't keep up! Is the server overloaded? Running 2001ms or 40 ticks behind
[07Jul2025 03:05:45.944] [Server thread/INFO] [net.minecraft.server.network.ServerGamePacketListenerImpl/]: xsep123 lost connection: Disconnected
[07Jul2025 03:05:45.947] [Server thread/INFO] [net.minecraft.server.MinecraftServer/]: xsep123 left the game
[07Jul2025 03:05:52.124] [Server thread/INFO] [net.minecraft.server.MinecraftServer/]: [Not Secure] <Gorextreme2> ZZZZZZZZZ
[07Jul2025 03:06:01.091] [Netty Epoll Server IO #2/DEBUG] [net.minecraftforge.network.ForgePacketHandler/FORGE_PACKET_HANDLER]: Received client connection with modlist [forge, minecraft, tlskincape, xaerominimap, xaeroworldmap]
[07Jul2025 03:06:01.110] [Netty Epoll Server IO #2/DEBUG] [net.minecraftforge.network.ForgePacketHandler/FORGE_PACKET_HANDLER]: Received client connection with channels [forge:handshake, forge:login, forge:tier_sorting, minecraft:register, minecraft:unregister, xaerominimap:main, xaeroworldmap:main]
[07Jul2025 03:06:01.111] [Netty Epoll Server IO #2/DEBUG] [net.minecraftforge.network.NetworkRegistry/NETREGISTRY]: Channel 'forge:tier_sorting' : Version test of 'PRESENT 1' from client : ACCEPTED
[07Jul2025 03:06:01.111] [Netty Epoll Server IO #2/DEBUG] [net.minecraftforge.network.NetworkRegistry/NETREGISTRY]: Channel 'forge:handshake' : Version test of 'PRESENT 0' from client : ACCEPTED
[07Jul2025 03:06:01.112] [Netty Epoll Server IO #2/DEBUG] [net.minecraftforge.network.NetworkRegistry/NETREGISTRY]: Channel 'forge:login' : Version test of 'PRESENT 0' from client : ACCEPTED
[07Jul2025 03:06:01.113] [Netty Epoll Server IO #2/DEBUG] [net.minecraftforge.network.NetworkRegistry/NETREGISTRY]: Channel 'minecraft:unregister' : Version test of 'PRESENT 0' from client : ACCEPTED
[07Jul2025 03:06:01.113] [Netty Epoll Server IO #2/DEBUG] [net.minecraftforge.network.NetworkRegistry/NETREGISTRY]: Channel 'minecraft:register' : Version test of 'PRESENT 0' from client : ACCEPTED
[07Jul2025 03:06:01.115] [Netty Epoll Server IO #2/DEBUG] [net.minecraftforge.network.NetworkRegistry/NETREGISTRY]: Accepting channel list from client
[07Jul2025 03:06:01.149] [Netty Epoll Server IO #2/DEBUG] [net.minecraftforge.network.ForgePacketHandler/FORGE_PACKET_HANDLER]: Received acknowledgement 0 from client
[07Jul2025 03:06:01.172] [Netty Epoll Server IO #2/DEBUG] [net.minecraftforge.network.ForgePacketHandler/FORGE_PACKET_HANDLER]: Received acknowledgement 1 from client
[07Jul2025 03:06:01.191] [Netty Epoll Server IO #2/DEBUG] [net.minecraftforge.network.ForgePacketHandler/FORGE_PACKET_HANDLER]: Received acknowledgement 2 from client
[07Jul2025 03:06:01.215] [Netty Epoll Server IO #2/DEBUG] [net.minecraftforge.network.ForgePacketHandler/FORGE_PACKET_HANDLER]: Received acknowledgement 3 from client
[07Jul2025 03:06:01.235] [Netty Epoll Server IO #2/DEBUG] [net.minecraftforge.network.ForgePacketHandler/FORGE_PACKET_HANDLER]: Received acknowledgement 4 from client
[07Jul2025 03:06:01.257] [Netty Epoll Server IO #2/DEBUG] [net.minecraftforge.network.ForgePacketHandler/FORGE_PACKET_HANDLER]: Received acknowledgement 5 from client
[07Jul2025 03:06:01.283] [Netty Epoll Server IO #2/DEBUG] [net.minecraftforge.network.ForgePacketHandler/FORGE_PACKET_HANDLER]: Received acknowledgement 6 from client
[07Jul2025 03:06:01.302] [Netty Epoll Server IO #2/DEBUG] [net.minecraftforge.network.ForgePacketHandler/FORGE_PACKET_HANDLER]: Received acknowledgement 7 from client
[07Jul2025 03:06:01.322] [Netty Epoll Server IO #2/DEBUG] [net.minecraftforge.network.ForgePacketHandler/FORGE_PACKET_HANDLER]: Received acknowledgement 8 from client
[07Jul2025 03:06:01.347] [Netty Epoll Server IO #2/DEBUG] [net.minecraftforge.network.ForgePacketHandler/FORGE_PACKET_HANDLER]: Received acknowledgement 9 from client
[07Jul2025 03:06:01.369] [Netty Epoll Server IO #2/DEBUG] [net.minecraftforge.network.ForgePacketHandler/FORGE_PACKET_HANDLER]: Received acknowledgement 10 from client
[07Jul2025 03:06:01.387] [Netty Epoll Server IO #2/DEBUG] [net.minecraftforge.network.ForgePacketHandler/FORGE_PACKET_HANDLER]: Received acknowledgement 11 from client
[07Jul2025 03:06:01.410] [Netty Epoll Server IO #2/DEBUG] [net.minecraftforge.network.ForgePacketHandler/FORGE_PACKET_HANDLER]: Received acknowledgement 12 from client
[07Jul2025 03:06:01.434] [Netty Epoll Server IO #2/DEBUG] [net.minecraftforge.network.ForgePacketHandler/FORGE_PACKET_HANDLER]: Received acknowledgement 13 from client
[07Jul2025 03:06:01.453] [Netty Epoll Server IO #2/DEBUG] [net.minecraftforge.network.ForgePacketHandler/FORGE_PACKET_HANDLER]: Received acknowledgement 14 from client
[07Jul2025 03:06:01.474] [Netty Epoll Server IO #2/DEBUG] [net.minecraftforge.network.ForgePacketHandler/FORGE_PACKET_HANDLER]: Received acknowledgement 15 from client
[07Jul2025 03:06:01.495] [Netty Epoll Server IO #2/DEBUG] [net.minecraftforge.network.ForgePacketHandler/FORGE_PACKET_HANDLER]: Received acknowledgement 16 from client
[07Jul2025 03:06:01.516] [Netty Epoll Server IO #2/DEBUG] [net.minecraftforge.network.ForgePacketHandler/FORGE_PACKET_HANDLER]: Received acknowledgement 17 from client
[07Jul2025 03:06:01.534] [Netty Epoll Server IO #2/DEBUG] [net.minecraftforge.network.ForgePacketHandler/FORGE_PACKET_HANDLER]: Received acknowledgement 18 from client
[07Jul2025 03:06:01.834] [Netty Epoll Server IO #2/DEBUG] [net.minecraftforge.network.ForgePacketHandler/FORGE_PACKET_HANDLER]: Received acknowledgement 19 from client
[07Jul2025 03:06:02.175] [Server thread/INFO] [net.minecraft.server.players.PlayerList/]: xsep123[/172.25.43.2:53937] logged in with entity id 6820 at (-1001.517725229888, -20.0, 2445.427406591862)
[07Jul2025 03:06:02.185] [Server thread/INFO] [net.minecraft.server.MinecraftServer/]: xsep123 joined the game
[07Jul2025 03:06:09.193] [Server thread/WARN] [net.minecraft.server.MinecraftServer/]: Can't keep up! Is the server overloaded? Running 2018ms or 40 ticks behind
[07Jul2025 03:06:26.972] [Server thread/WARN] [net.minecraft.server.MinecraftServer/]: Can't keep up! Is the server overloaded? Running 2797ms or 55 ticks behind
[07Jul2025 03:06:48.311] [Server thread/WARN] [net.minecraft.server.MinecraftServer/]: Can't keep up! Is the server overloaded? Running 2036ms or 40 ticks behind
[07Jul2025 03:07:07.108] [Server thread/WARN] [net.minecraft.server.MinecraftServer/]: Can't keep up! Is the server overloaded? Running 3833ms or 76 ticks behind
[07Jul2025 03:07:30.996] [Server thread/WARN] [net.minecraft.server.MinecraftServer/]: Can't keep up! Is the server overloaded? Running 2021ms or 40 ticks behind
[07Jul2025 03:07:38.747] [Server thread/DEBUG] [net.minecraftforge.common.ForgeHooks/WP]: Gathering id map for writing to world save world
[07Jul2025 03:07:38.790] [Server thread/DEBUG] [net.minecraftforge.common.ForgeHooks/WP]: ID Map collection complete world
[07Jul2025 03:07:48.959] [Server thread/WARN] [net.minecraft.server.MinecraftServer/]: Can't keep up! Is the server overloaded? Running 2985ms or 59 ticks behind
[07Jul2025 03:08:07.290] [Server thread/WARN] [net.minecraft.server.MinecraftServer/]: Can't keep up! Is the server overloaded? Running 2015ms or 40 ticks behind
[07Jul2025 03:08:34.976] [Server thread/WARN] [net.minecraft.server.MinecraftServer/]: Can't keep up! Is the server overloaded? Running 2000ms or 40 ticks behind
[07Jul2025 03:08:48.499] [Server thread/INFO] [net.minecraft.world.entity.LivingEntity/]: Named entity Zombie['Luffy'/6070, l='ServerLevel[world]', x=-857.77, y=66.49, z=1993.08] died: Luffy was slain by Iron Golem
[07Jul2025 03:08:55.448] [Server thread/WARN] [net.minecraft.server.MinecraftServer/]: Can't keep up! Is the server overloaded? Running 2023ms or 40 ticks behind
[07Jul2025 03:12:21.988] [Server thread/WARN] [net.minecraft.server.MinecraftServer/]: Can't keep up! Is the server overloaded? Running 2013ms or 40 ticks behind
[07Jul2025 03:12:41.347] [Server thread/WARN] [net.minecraft.server.MinecraftServer/]: Can't keep up! Is the server overloaded? Running 4372ms or 87 ticks behind
[07Jul2025 03:12:53.270] [Server thread/DEBUG] [net.minecraftforge.common.ForgeHooks/WP]: Gathering id map for writing to world save world
[07Jul2025 03:12:53.291] [Server thread/DEBUG] [net.minecraftforge.common.ForgeHooks/WP]: ID Map collection complete world
[07Jul2025 03:12:59.738] [Server thread/WARN] [net.minecraft.server.MinecraftServer/]: Can't keep up! Is the server overloaded? Running 3413ms or 68 ticks behind
[07Jul2025 03:15:26.767] [Server thread/INFO] [net.minecraft.server.MinecraftServer/]: [Not Secure] <Gorextreme2> xaero-waypoint:Granja de hierro:A:703:63:1215:1:false:0:Internal-overworld-waypoints
[07Jul2025 03:17:56.068] [Server thread/DEBUG] [net.minecraftforge.common.ForgeHooks/WP]: Gathering id map for writing to world save world
[07Jul2025 03:17:56.082] [Server thread/DEBUG] [net.minecraftforge.common.ForgeHooks/WP]: ID Map collection complete world
[07Jul2025 03:19:39.407] [Server thread/INFO] [net.minecraft.server.MinecraftServer/]: Gorextreme2 was slain by xsep123
[07Jul2025 03:19:40.516] [Server thread/WARN] [net.minecraft.server.network.ServerGamePacketListenerImpl/]: Gorextreme2 moved too quickly! 8.199999988079071,1.0625,-7.15372611755447
[07Jul2025 03:21:20.313] [Server thread/INFO] [net.minecraft.server.MinecraftServer/]: [Not Secure] <Gorextreme2> catro
[07Jul2025 03:21:22.656] [Server thread/INFO] [net.minecraft.server.MinecraftServer/]: [Not Secure] <Gorextreme2> castro
[07Jul2025 03:21:27.844] [Server thread/INFO] [net.minecraft.server.MinecraftServer/]: [Not Secure] <Gorextreme2> vives
[07Jul2025 03:21:30.902] [Server thread/INFO] [net.minecraft.server.MinecraftServer/]: [Not Secure] <Gorextreme2> ?
[07Jul2025 03:22:56.042] [Server thread/DEBUG] [net.minecraftforge.common.ForgeHooks/WP]: Gathering id map for writing to world save world
[07Jul2025 03:22:56.050] [Server thread/DEBUG] [net.minecraftforge.common.ForgeHooks/WP]: ID Map collection complete world
[07Jul2025 03:27:56.054] [Server thread/DEBUG] [net.minecraftforge.common.ForgeHooks/WP]: Gathering id map for writing to world save world
[07Jul2025 03:27:56.073] [Server thread/DEBUG] [net.minecraftforge.common.ForgeHooks/WP]: ID Map collection complete world
[07Jul2025 03:29:22.415] [Server thread/WARN] [net.minecraft.server.level.ServerPlayerGameMode/]: Mismatch in destroy block pos: BlockPos{x=-861, y=66, z=1979} BlockPos{x=-862, y=65, z=1979}
[07Jul2025 03:32:56.005] [Server thread/DEBUG] [net.minecraftforge.common.ForgeHooks/WP]: Gathering id map for writing to world save world
[07Jul2025 03:32:56.010] [Server thread/DEBUG] [net.minecraftforge.common.ForgeHooks/WP]: ID Map collection complete world
[07Jul2025 03:33:45.188] [Server thread/INFO] [net.minecraft.server.MinecraftServer/]: Tenshi_145 was slain by Iron Golem
[07Jul2025 03:37:56.114] [Server thread/DEBUG] [net.minecraftforge.common.ForgeHooks/WP]: Gathering id map for writing to world save world
[07Jul2025 03:37:56.152] [Server thread/DEBUG] [net.minecraftforge.common.ForgeHooks/WP]: ID Map collection complete world
[07Jul2025 03:37:56.237] [Server thread/WARN] [net.minecraft.server.network.ServerGamePacketListenerImpl/]: Oak Boat (vehicle of Gorextreme2) moved too quickly! -1.0213303140118342,0.0,-10.228880886609431
[07Jul2025 03:40:21.268] [Server thread/INFO] [net.minecraft.server.MinecraftServer/]: [Not Secure] <Gorextreme2> zzzzzzzzzzzzzzzzzzzzzzzzzz
[07Jul2025 03:40:24.112] [Server thread/INFO] [net.minecraft.server.MinecraftServer/]: [Not Secure] <Gorextreme2> zzzzzzzzzzzzzzzzzzzzzzzzzzzzzzzzzzzzzzzzzzzzzzzzzzzzzzzzzzz
[07Jul2025 03:40:24.114] [Server thread/INFO] [net.minecraft.server.MinecraftServer/]: [Not Secure] <Tenshi_145> ZZZZZ
[07Jul2025 03:40:24.816] [Server thread/INFO] [net.minecraft.server.MinecraftServer/]: [Not Secure] <Tenshi_145> ZZZ
[07Jul2025 03:40:25.610] [Server thread/INFO] [net.minecraft.server.MinecraftServer/]: [Not Secure] <Tenshi_145> ZZZ
[07Jul2025 03:40:26.145] [Server thread/INFO] [net.minecraft.server.MinecraftServer/]: [Not Secure] <Tenshi_145> ZZ
[07Jul2025 03:40:26.522] [Server thread/INFO] [net.minecraft.server.MinecraftServer/]: [Not Secure] <Tenshi_145> Z
[07Jul2025 03:40:26.893] [Server thread/INFO] [net.minecraft.server.MinecraftServer/]: [Not Secure] <Tenshi_145> Z
[07Jul2025 03:40:27.117] [Server thread/INFO] [net.minecraft.server.MinecraftServer/]: [Not Secure] <Gorextreme2> zzzzzzzzzzzzzzzzzzzzzzzzzzzzzzzzzzzzzzzzzzzzzzzzzzzzzzzzzzzzzz
[07Jul2025 03:40:28.646] [Server thread/INFO] [net.minecraft.server.MinecraftServer/]: [Not Secure] <Tenshi_145> ZZZZZ
[07Jul2025 03:40:29.316] [Server thread/INFO] [net.minecraft.server.MinecraftServer/]: [Not Secure] <Tenshi_145> ZZ
[07Jul2025 03:40:30.147] [Server thread/INFO] [net.minecraft.server.MinecraftServer/]: [Not Secure] <Tenshi_145> ZZ
[07Jul2025 03:40:30.396] [Server thread/INFO] [net.minecraft.server.MinecraftServer/]: [Not Secure] <Gorextreme2> zzzzzzzzzzzzzzzzzzzzzzzzzzzzzzzzzzzzzzzzzzzzzzzzzzz
[07Jul2025 03:40:31.472] [Server thread/INFO] [net.minecraft.server.MinecraftServer/]: [Not Secure] <Tenshi_145> ZZZZZZZZZZZZZZZ
[07Jul2025 03:40:32.543] [Server thread/INFO] [net.minecraft.server.MinecraftServer/]: [Not Secure] <Tenshi_145> ZZZZZZZZZZZZ
[07Jul2025 03:40:33.566] [Server thread/INFO] [net.minecraft.server.MinecraftServer/]: [Not Secure] <Tenshi_145> ZZZZZZZZZ
[07Jul2025 03:40:34.512] [Server thread/INFO] [net.minecraft.server.MinecraftServer/]: [Not Secure] <Tenshi_145> ZZZZZZZZ
[07Jul2025 03:40:35.355] [Server thread/INFO] [net.minecraft.server.MinecraftServer/]: [Not Secure] <Tenshi_145> ZZZZ
[07Jul2025 03:40:36.196] [Server thread/INFO] [net.minecraft.server.MinecraftServer/]: [Not Secure] <Tenshi_145> ZZZZZZZ
[07Jul2025 03:40:36.916] [Server thread/INFO] [net.minecraft.server.MinecraftServer/]: [Not Secure] <Tenshi_145> ZZZ
[07Jul2025 03:40:37.648] [Server thread/INFO] [net.minecraft.server.MinecraftServer/]: [Not Secure] <Tenshi_145> ZZZ
[07Jul2025 03:40:38.517] [Server thread/INFO] [net.minecraft.server.MinecraftServer/]: [Not Secure] <Tenshi_145> ZZZZZZZ
[07Jul2025 03:40:38.644] [Server thread/INFO] [net.minecraft.server.network.ServerGamePacketListenerImpl/]: xsep123 lost connection: Disconnected
[07Jul2025 03:40:38.645] [Server thread/INFO] [net.minecraft.server.MinecraftServer/]: xsep123 left the game
[07Jul2025 03:40:39.393] [Server thread/INFO] [net.minecraft.server.MinecraftServer/]: [Not Secure] <Tenshi_145> ZZZZZZZ
[07Jul2025 03:40:39.805] [Server thread/INFO] [net.minecraft.server.MinecraftServer/]: [Not Secure] <Gorextreme2> zzzzzzzzzzzzzzzzzzzzzzzzzzzzzzzzzzzzzzzzzzzzzzzzzzzzzzzzzzzzzzzzzzzzzzzzzzzzzzzzzzzzzzzzzzzzzzzzzzzzzzzzzzzzzzzzzzzzzzzzzzzzzzzzzzzzzzzzzzzzzzzzzzzzzzzzzzzzzzzzzzzzzzzzzzzzzzzzzzzzzzzzzzzzzzzzzzzzzzzzzzzzzzzzzzzzzzzzzzzzzzzzzzzzzzzzzzzzzzzzzzzzzzz
[07Jul2025 03:40:49.097] [Netty Epoll Server IO #3/DEBUG] [net.minecraftforge.network.ForgePacketHandler/FORGE_PACKET_HANDLER]: Received client connection with modlist [forge, minecraft, tlskincape, xaerominimap, xaeroworldmap]
[07Jul2025 03:40:49.121] [Netty Epoll Server IO #3/DEBUG] [net.minecraftforge.network.ForgePacketHandler/FORGE_PACKET_HANDLER]: Received client connection with channels [forge:handshake, forge:login, forge:tier_sorting, minecraft:register, minecraft:unregister, xaerominimap:main, xaeroworldmap:main]
[07Jul2025 03:40:49.121] [Netty Epoll Server IO #3/DEBUG] [net.minecraftforge.network.NetworkRegistry/NETREGISTRY]: Channel 'forge:tier_sorting' : Version test of 'PRESENT 1' from client : ACCEPTED
[07Jul2025 03:40:49.121] [Netty Epoll Server IO #3/DEBUG] [net.minecraftforge.network.NetworkRegistry/NETREGISTRY]: Channel 'forge:handshake' : Version test of 'PRESENT 0' from client : ACCEPTED
[07Jul2025 03:40:49.121] [Netty Epoll Server IO #3/DEBUG] [net.minecraftforge.network.NetworkRegistry/NETREGISTRY]: Channel 'forge:login' : Version test of 'PRESENT 0' from client : ACCEPTED
[07Jul2025 03:40:49.121] [Netty Epoll Server IO #3/DEBUG] [net.minecraftforge.network.NetworkRegistry/NETREGISTRY]: Channel 'minecraft:unregister' : Version test of 'PRESENT 0' from client : ACCEPTED
[07Jul2025 03:40:49.121] [Netty Epoll Server IO #3/DEBUG] [net.minecraftforge.network.NetworkRegistry/NETREGISTRY]: Channel 'minecraft:register' : Version test of 'PRESENT 0' from client : ACCEPTED
[07Jul2025 03:40:49.121] [Netty Epoll Server IO #3/DEBUG] [net.minecraftforge.network.NetworkRegistry/NETREGISTRY]: Accepting channel list from client
[07Jul2025 03:40:49.146] [Netty Epoll Server IO #3/DEBUG] [net.minecraftforge.network.ForgePacketHandler/FORGE_PACKET_HANDLER]: Received acknowledgement 0 from client
[07Jul2025 03:40:49.167] [Netty Epoll Server IO #3/DEBUG] [net.minecraftforge.network.ForgePacketHandler/FORGE_PACKET_HANDLER]: Received acknowledgement 1 from client
[07Jul2025 03:40:49.188] [Netty Epoll Server IO #3/DEBUG] [net.minecraftforge.network.ForgePacketHandler/FORGE_PACKET_HANDLER]: Received acknowledgement 2 from client
[07Jul2025 03:40:49.221] [Netty Epoll Server IO #3/DEBUG] [net.minecraftforge.network.ForgePacketHandler/FORGE_PACKET_HANDLER]: Received acknowledgement 3 from client
[07Jul2025 03:40:49.243] [Netty Epoll Server IO #3/DEBUG] [net.minecraftforge.network.ForgePacketHandler/FORGE_PACKET_HANDLER]: Received acknowledgement 4 from client
[07Jul2025 03:40:49.268] [Netty Epoll Server IO #3/DEBUG] [net.minecraftforge.network.ForgePacketHandler/FORGE_PACKET_HANDLER]: Received acknowledgement 5 from client
[07Jul2025 03:40:49.298] [Netty Epoll Server IO #3/DEBUG] [net.minecraftforge.network.ForgePacketHandler/FORGE_PACKET_HANDLER]: Received acknowledgement 6 from client
[07Jul2025 03:40:49.321] [Netty Epoll Server IO #3/DEBUG] [net.minecraftforge.network.ForgePacketHandler/FORGE_PACKET_HANDLER]: Received acknowledgement 7 from client
[07Jul2025 03:40:49.343] [Netty Epoll Server IO #3/DEBUG] [net.minecraftforge.network.ForgePacketHandler/FORGE_PACKET_HANDLER]: Received acknowledgement 8 from client
[07Jul2025 03:40:49.361] [Netty Epoll Server IO #3/DEBUG] [net.minecraftforge.network.ForgePacketHandler/FORGE_PACKET_HANDLER]: Received acknowledgement 9 from client
[07Jul2025 03:40:49.384] [Netty Epoll Server IO #3/DEBUG] [net.minecraftforge.network.ForgePacketHandler/FORGE_PACKET_HANDLER]: Received acknowledgement 10 from client
[07Jul2025 03:40:49.406] [Netty Epoll Server IO #3/DEBUG] [net.minecraftforge.network.ForgePacketHandler/FORGE_PACKET_HANDLER]: Received acknowledgement 11 from client
[07Jul2025 03:40:49.433] [Netty Epoll Server IO #3/DEBUG] [net.minecraftforge.network.ForgePacketHandler/FORGE_PACKET_HANDLER]: Received acknowledgement 12 from client
[07Jul2025 03:40:49.457] [Netty Epoll Server IO #3/DEBUG] [net.minecraftforge.network.ForgePacketHandler/FORGE_PACKET_HANDLER]: Received acknowledgement 13 from client
[07Jul2025 03:40:49.480] [Netty Epoll Server IO #3/DEBUG] [net.minecraftforge.network.ForgePacketHandler/FORGE_PACKET_HANDLER]: Received acknowledgement 14 from client
[07Jul2025 03:40:49.501] [Netty Epoll Server IO #3/DEBUG] [net.minecraftforge.network.ForgePacketHandler/FORGE_PACKET_HANDLER]: Received acknowledgement 15 from client
[07Jul2025 03:40:49.523] [Netty Epoll Server IO #3/DEBUG] [net.minecraftforge.network.ForgePacketHandler/FORGE_PACKET_HANDLER]: Received acknowledgement 16 from client
[07Jul2025 03:40:49.548] [Netty Epoll Server IO #3/DEBUG] [net.minecraftforge.network.ForgePacketHandler/FORGE_PACKET_HANDLER]: Received acknowledgement 17 from client
[07Jul2025 03:40:49.569] [Netty Epoll Server IO #3/DEBUG] [net.minecraftforge.network.ForgePacketHandler/FORGE_PACKET_HANDLER]: Received acknowledgement 18 from client
[07Jul2025 03:40:49.872] [Netty Epoll Server IO #3/DEBUG] [net.minecraftforge.network.ForgePacketHandler/FORGE_PACKET_HANDLER]: Received acknowledgement 19 from client
[07Jul2025 03:40:50.062] [Server thread/INFO] [net.minecraft.server.players.PlayerList/]: xsep123[/172.25.43.2:56022] logged in with entity id 31275 at (538.3920255884417, 63.0, 1383.7929275061883)
[07Jul2025 03:40:50.067] [Server thread/INFO] [net.minecraft.server.MinecraftServer/]: xsep123 joined the game
[07Jul2025 03:40:55.112] [Server thread/INFO] [net.minecraft.world.entity.npc.Villager/]: Villager Villager['Leatherworker'/76, l='ServerLevel[world]', x=666.72, y=62.00, z=1237.08] died, message: 'Leatherworker tried to swim in lava'
[07Jul2025 03:41:17.266] [Server thread/INFO] [net.minecraft.server.network.ServerGamePacketListenerImpl/]: Tenshi_145 lost connection: Disconnected
[07Jul2025 03:41:17.270] [Server thread/INFO] [net.minecraft.server.MinecraftServer/]: Tenshi_145 left the game
[07Jul2025 03:42:56.007] [Server thread/DEBUG] [net.minecraftforge.common.ForgeHooks/WP]: Gathering id map for writing to world save world
[07Jul2025 03:42:56.016] [Server thread/DEBUG] [net.minecraftforge.common.ForgeHooks/WP]: ID Map collection complete world
[07Jul2025 03:47:55.988] [Server thread/DEBUG] [net.minecraftforge.common.ForgeHooks/WP]: Gathering id map for writing to world save world
[07Jul2025 03:47:55.994] [Server thread/DEBUG] [net.minecraftforge.common.ForgeHooks/WP]: ID Map collection complete world
[07Jul2025 03:52:56.003] [Server thread/DEBUG] [net.minecraftforge.common.ForgeHooks/WP]: Gathering id map for writing to world save world
[07Jul2025 03:52:56.008] [Server thread/DEBUG] [net.minecraftforge.common.ForgeHooks/WP]: ID Map collection complete world
[07Jul2025 03:57:55.994] [Server thread/DEBUG] [net.minecraftforge.common.ForgeHooks/WP]: Gathering id map for writing to world save world
[07Jul2025 03:57:55.999] [Server thread/DEBUG] [net.minecraftforge.common.ForgeHooks/WP]: ID Map collection complete world
[07Jul2025 03:58:01.684] [Server thread/INFO] [net.minecraft.server.MinecraftServer/]: xsep123 was slain by Spider
